Workbook

Sheet Read_First
A2: Data Analysis Tool Author: Dr. Martin Schrepp
A3: The goal of this tool is to make the analysis of UEQ (User Experience Questionnaire) data as easy as possible for you. You simply enter the data obtained from your respondents into the Data worksheet. The tool then automatically calculates all statistics necessary to interpret the results. In addition, several graphs are shown that you may want to use in your result presentations. Simply copy them to your word processor of presentation tool. The instructions in this tool are in English. To make the interpretation of the results easier and to have the charts in your language you can switch the language in the following dropdown. This will only switch the items and scale names, not the instructions in the Excel.
A5: Choose your Language: | B5: English
A7: Please Note: Changing the language will show the UEQ items and the UEQ dimensions in the selected language. All other texts will remain in English.
A9: The tool contains the following work sheets: Data: Here you can enter the raw data of your evaluation. This is the only work sheet that you need to modify. Do not change the content of the other work sheets, you may destroy unintentionally some of the formulas in the cells! DT: The order of the items (i.e. if the positive term is left or right in an item) is randomized in the questionnaire to minimized answer tendencies. Here the items are changed to a common order (negative term left, positive term right). The transformed data are used for all the further calculations. Results: Main results of the questionnaire. Here the scale means and the mean and standard deviation per item are calculated. Confidence_Intervals: Confidence intervals for the scale means and for the mean of each item are calculated. Answer_Distributions: Here you can see the distributions of the answers (values 1 to 7) for the single items. This can help to find items that show a ploarization of opinions, i.e. where many negative and many positive answers can be found. Scale_Consistency: Here the Cronbach-Alpha Coefficient and Guttmans Lambda2 coefficient per scale are calculated. Check here if the scales have a sufficiently high values. Scales with a small value (<0.5) should be treated carefully in the interpretation (if you have only a small sample size (< 50 responses) then interpret these values very carefully. In such cases a small value for these coefficients may result solely from sampling effects and may not indicate a real problem. Benchmark: The benchmark shows you in an easy way how good the evaluated product is compared to the products in the benchmark data set. There is also a graphic that shows for each scale how the results are related to the products in the benchmark data set. Inconsistencies: On this work sheet the data are analysed for inconsistent answers, i.e. answers from participants that answered at least a part of the items randomly. You may want to remove these data before you calculate the results. Sample_Size: If you observe big error bars concerning the scale means you may ask yourself if you need to collect additional data. This sheet helps you to estimate how many data you need in order to reach a certain precision. KPI_Calculation: There is an extension of the UEQ with 6 additional questions. This extension allows to calculate a KPI (single number representing the overall user experience). This work sheet is only relevant if you used this extension. It allows to enter the data obtained for the 6 additional questions and calculates the KPI. Items: Contains the item and dimension names in the different languages. Used for switching the language. Please do not modify date in this sheet.

Sheet Data
A1: Please enter the data here! Use the item numbers in the printed questionnaire and the categories 1 (if the alternative on the extreme left is marked) to 7 (if the alternative on the extreme right is marked). Leave the cell empty if the person has not answered the item. Please do not enter a special caracter in such cases, since this would cause errors in the calculations. You can enter data for a maximum of 1000 participants. If you need more, you have to adjust the fomulas in the Excel. The data analysis tool is delivered with some example data in this work sheet. Simply delete them before you enter your data here.
A2: Items
A3: 1 | B3: 2 | C3: 3 | D3: 4 | E3: 5 | F3: 6 | G3: 7 | H3: 8 | I3: 9 | J3: 10 | K3: 11 | L3: 12 | M3: 13 | N3: 14 | O3: 15 | P3: 16 | Q3: 17 | R3: 18 | S3: 19 | T3: 20 | U3: 21 | V3: 22 | W3: 23 | X3: 24 | Y3: 25 | Z3: 26
A4: 6 | B4: 7 | C4: 2 | D4: 1 | E4: 2 | F4: 6 | G4: 6 | H4: 6 | I4: 2 | J4: 3 | K4: 6 | L4: 2 | M4: 5 | N4: 6 | O4: 5 | P4: 5 | Q4: 2 | R4: 2 | S4: 2 | T4: 6 | U4: 2 | V4: 6 | W4: 2 | X4: 2 | Y4: 2 | Z4: 6
A5: 7 | B5: 7 | C5: 1 | D5: 1 | E5: 1 | F5: 7 | G5: 7 | H5: 7 | I5: 1 | J5: 1 | K5: 7 | L5: 1 | M5: 7 | N5: 7 | O5: 1 | P5: 7 | Q5: 1 | R5: 1 | S5: 1 | T5: 7 | U5: 1 | V5: 7 | W5: 1 | X5: 1 | Y5: 1 | Z5: 1
A6: 7 | B6: 7 | C6: 2 | D6: 1 | E6: 1 | F6: 5 | G6: 6 | H6: 2 | I6: 2 | J6: 2 | K6: 5 | L6: 1 | M6: 5 | N6: 6 | O6: 6 | P6: 6 | Q6: 2 | R6: 3 | S6: 2 | T6: 6 | U6: 3 | V6: 6 | W6: 2 | X6: 3 | Y6: 3 | Z6: 6
A7: 6 | B7: 6 | C7: 4 | D7: 2 | E7: 3 | F7: 4 | G7: 4 | H7: 6 | I7: 2 | J7: 3 | K7: 5 | L7: 1 | M7: 7 | N7: 5 | O7: 6 | P7: 6 | Q7: 1 | R7: 4 | S7: 1 | T7: 7 | U7: 1 | V7: 6 | W7: 2 | X7: 4 | Y7: 3 | Z7: 4
A8: 6 | B8: 3 | C8: 4 | D8: 5 | E8: 2 | F8: 4 | G8: 5 | H8: 5 | I8: 2 | J8: 4 | K8: 5 | L8: 2 | M8: 5 | N8: 5 | O8: 4 | P8: 5 | Q8: 2 | R8: 3 | S8: 2 | T8: 6 | U8: 3 | V8: 6 | W8: 2 | X8: 3 | Y8: 3 | Z8: 4
A9: 3 | B9: 6 | C9: 2 | D9: 7 | E9: 4 | F9: 4 | G9: 4 | H9: 6 | I9: 2 | J9: 4 | K9: 4 | L9: 4 | M9: 4 | N9: 3 | O9: 4 | P9: 3 | Q9: 5 | R9: 5 | S9: 4 | T9: 4 | U9: 2 | V9: 6 | W9: 2 | X9: 4 | Y9: 3 | Z9: 6
A10: 7 | B10: 5 | C10: 4 | D10: 5 | E10: 1 | F10: 4 | G10: 5 | H10: 4 | I10: 3 | J10: 3 | K10: 6 | L10: 1 | M10: 6 | N10: 7 | O10: 4 | P10: 7 | Q10: 1 | R10: 3 | S10: 1 | T10: 7 | U10: 2 | V10: 6 | W10: 2 | X10: 4 | Y10: 1 | Z10: 6
A11: 5 | B11: 6 | C11: 4 | D11: 3 | E11: 1 | F11: 4 | G11: 4 | H11: 6 | I11: 3 | J11: 2 | K11: 4 | L11: 3 | M11: 6 | N11: 4 | O11: 6 | P11: 5 | Q11: 1 | R11: 4 | S11: 2 | T11: 5 | U11: 1 | V11: 7 | W11: 3 | X11: 4 | Y11: 4 | Z11: 5
A12: 7 | B12: 7 | C12: 1 | D12: 1 | E12: 1 | F12: 5 | G12: 6 | H12: 4 | I12: 1 | J12: 4 | K12: 4 | L12: 1 | M12: 7 | N12: 7 | O12: 7 | P12: 7 | Q12: 2 | R12: 4 | S12: 1 | T12: 7 | U12: 2 | V12: 7 | W12: 3 | X12: 1 | Y12: 1 | Z12: 4
A13: 6 | B13: 7 | C13: 6 | D13: 6 | E13: 5 | F13: 5 | G13: 5 | H13: 3 | I13: 5 | J13: 6 | K13: 6 | L13: 1 | M13: 7 | N13: 6 | O13: 5 | P13: 6 | Q13: 2 | R13: 2 | S13: 2 | T13: 6 | U13: 1 | V13: 7 | W13: 1 | X13: 2 | Y13: 1 | Z13: 1
A14: 5 | B14: 5 | C14: 6 | D14: 6 | E14: 2 | F14: 4 | G14: 5 | H14: 3 | I14: 4 | J14: 2 | K14: 5 | L14: 3 | M14: 5 | N14: 5 | O14: 5 | P14: 5 | Q14: 1 | R14: 4 | S14: 2 | T14: 5 | U14: 3 | V14: 5 | W14: 6 | X14: 2 | Y14: 2 | Z14: 6
... A258: 7 | B258: 5 | C258: 3 | D258: 3 | E258: 1 | F258: 6 | G258: 6 | H258: 4 | I258: 3 | J258: 2 | K258: 4 | L258: 1 | M258: 6 | N258: 6 | O258: 2 | P258: 6 | Q258: 6 | R258: 1 | S258: 2 | T258: 7 | U258: 1 | V258: 4 | W258: 2 | X258: 2 | Y258: 2 | Z258: 2

Sheet DT
A1: Transformed Data The order of the positive and negative term for an item is randomized in the questionnaire. Per dimension half of the items start with the positive and half with the negative term. Here you can find the transformed values per item. You can use these values for example for own statistical calculations. The +3 represent the most positive and the -3 the most negative value.
A2: Items | AC2: Scale means per person
A3: 1 | B3: 2 | C3: 3 | D3: 4 | E3: 5 | F3: 6 | G3: 7 | H3: 8 | I3: 9 | J3: 10 | K3: 11 | L3: 12 | M3: 13 | N3: 14 | O3: 15 | P3: 16 | Q3: 17 | R3: 18 | S3: 19 | T3: 20 | U3: 21 | V3: 22 | W3: 23 | X3: 24 | Y3: 25 | Z3: 26 | AC3: =VLOOKUP(Read_First!B5,Items!A1:BI50,54,FALSE) -> Attractiveness | AD3: =VLOOKUP(Read_First!B5,Items!A1:BI50,55,FALSE) -> Perspicuity | AE3: =VLOOKUP(Read_First!B5,Items!A1:BI50,56,FALSE) -> Efficiency | AF3: =VLOOKUP(Read_First!B5,Items!A1:BI50,57,FALSE) -> Dependability | AG3: =VLOOKUP(Read_First!B5,Items!A1:BI50,58,FALSE) -> Stimulation | AH3: =VLOOKUP(Read_First!B5,Items!A1:BI50,59,FALSE) -> Novelty
A4: =IF(Data!A4>0,Data!A4-4,"") -> 2 | B4: =IF(Data!B4>0,Data!B4-4,"") -> 3 | C4: =IF(Data!C4>0,4-Data!C4,"") -> 2 | D4: =IF(Data!D4>0,4-Data!D4,"") -> 3 | E4: =IF(Data!E4>0,4-Data!E4,"") -> 2 | F4: =IF(Data!F4>0,Data!F4-4,"") -> 2 | G4: =IF(Data!G4>0,Data!G4-4,"") -> 2 | H4: =IF(Data!H4>0,Data!H4-4,"") -> 2 | I4: =IF(Data!I4>0,4-Data!I4,"") -> 2 | J4: =IF(Data!J4>0,4-Data!J4,"") -> 1 | K4: =IF(Data!K4>0,Data!K4-4,"") -> 2 | L4: =IF(Data!L4>0,4-Data!L4,"") -> 2 | M4: =IF(Data!M4>0,Data!M4-4,"") -> 1 | N4: =IF(Data!N4>0,Data!N4-4,"") -> 2 | O4: =IF(Data!O4>0,Data!O4-4,"") -> 1 | P4: =IF(Data!P4>0,Data!P4-4,"") -> 1 | Q4: =IF(Data!Q4>0,4-Data!Q4,"") -> 2 | R4: =IF(Data!R4>0,4-Data!R4,"") -> 2 | S4: =IF(Data!S4>0,4-Data!S4,"") -> 2 | T4: =IF(Data!T4>0,Data!T4-4,"") -> 2 | U4: =IF(Data!U4>0,4-Data!U4,"") -> 2 | V4: =IF(Data!V4>0,Data!V4-4,"") -> 2 | W4: =IF(Data!W4>0,4-Data!W4,"") -> 2 | X4: =IF(Data!X4>0,4-Data!X4,"") -> 2 | Y4: =IF(Data!Y4>0,4-Data!Y4,"") -> 2 | Z4: =IF(Data!Z4>0,Data!Z4-4,"") -> 2 | AC4: =IF(COUNT(A4,L4,N4,P4,X4,Y4)>0,AVERAGE(A4,L4,N4,P4,X4,Y4),"") -> 1.8333333 | AD4: =IF(COUNT(B4,D4,M4,U4)>0,AVERAGE(B4,D4,M4,U4),"") -> 2.25 | AE4: =IF(COUNT(I4,T4,V4,W4)>0,AVERAGE(I4,T4,V4,W4),"") -> 2 | AF4: =IF(COUNT(H4,K4,Q4,S4)>0,AVERAGE(H4,K4,Q4,S4),"") -> 2 | AG4: =IF(COUNT(E4,F4,G4,R4)>0,AVERAGE(E4,F4,G4,R4),"") -> 2 | AH4: =IF(COUNT(C4,J4,O4,Z4)>0,AVERAGE(C4,J4,O4,Z4),"") -> 1.5
A5: =IF(Data!A5>0,Data!A5-4,"") -> 3 | B5: =IF(Data!B5>0,Data!B5-4,"") -> 3 | C5: =IF(Data!C5>0,4-Data!C5,"") -> 3 | D5: =IF(Data!D5>0,4-Data!D5,"") -> 3 | E5: =IF(Data!E5>0,4-Data!E5,"") -> 3 | F5: =IF(Data!F5>0,Data!F5-4,"") -> 3 | G5: =IF(Data!G5>0,Data!G5-4,"") -> 3 | H5: =IF(Data!H5>0,Data!H5-4,"") -> 3 | I5: =IF(Data!I5>0,4-Data!I5,"") -> 3 | J5: =IF(Data!J5>0,4-Data!J5,"") -> 3 | K5: =IF(Data!K5>0,Data!K5-4,"") -> 3 | L5: =IF(Data!L5>0,4-Data!L5,"") -> 3 | M5: =IF(Data!M5>0,Data!M5-4,"") -> 3 | N5: =IF(Data!N5>0,Data!N5-4,"") -> 3 | O5: =IF(Data!O5>0,Data!O5-4,"") -> -3 | P5: =IF(Data!P5>0,Data!P5-4,"") -> 3 | Q5: =IF(Data!Q5>0,4-Data!Q5,"") -> 3 | R5: =IF(Data!R5>0,4-Data!R5,"") -> 3 | S5: =IF(Data!S5>0,4-Data!S5,"") -> 3 | T5: =IF(Data!T5>0,Data!T5-4,"") -> 3 | U5: =IF(Data!U5>0,4-Data!U5,"") -> 3 | V5: =IF(Data!V5>0,Data!V5-4,"") -> 3 | W5: =IF(Data!W5>0,4-Data!W5,"") -> 3 | X5: =IF(Data!X5>0,4-Data!X5,"") -> 3 | Y5: =IF(Data!Y5>0,4-Data!Y5,"") -> 3 | Z5: =IF(Data!Z5>0,Data!Z5-4,"") -> -3 | AC5: =IF(COUNT(A5,L5,N5,P5,X5,Y5)>0,AVERAGE(A5,L5,N5,P5,X5,Y5),"") -> 3 | AD5: =IF(COUNT(B5,D5,M5,U5)>0,AVERAGE(B5,D5,M5,U5),"") -> 3 | AE5: =IF(COUNT(I5,T5,V5,W5)>0,AVERAGE(I5,T5,V5,W5),"") -> 3 | AF5: =IF(COUNT(H5,K5,Q5,S5)>0,AVERAGE(H5,K5,Q5,S5),"") -> 3 | AG5: =IF(COUNT(E5,F5,G5,R5)>0,AVERAGE(E5,F5,G5,R5),"") -> 3 | AH5: =IF(COUNT(C5,J5,O5,Z5)>0,AVERAGE(C5,J5,O5,Z5),"") -> 0
A6: =IF(Data!A6>0,Data!A6-4,"") -> 3 | B6: =IF(Data!B6>0,Data!B6-4,"") -> 3 | C6: =IF(Data!C6>0,4-Data!C6,"") -> 2 | D6: =IF(Data!D6>0,4-Data!D6,"") -> 3 | E6: =IF(Data!E6>0,4-Data!E6,"") -> 3 | F6: =IF(Data!F6>0,Data!F6-4,"") -> 1 | G6: =IF(Data!G6>0,Data!G6-4,"") -> 2 | H6: =IF(Data!H6>0,Data!H6-4,"") -> -2 | I6: =IF(Data!I6>0,4-Data!I6,"") -> 2 | J6: =IF(Data!J6>0,4-Data!J6,"") -> 2 | K6: =IF(Data!K6>0,Data!K6-4,"") -> 1 | L6: =IF(Data!L6>0,4-Data!L6,"") -> 3 | M6: =IF(Data!M6>0,Data!M6-4,"") -> 1 | N6: =IF(Data!N6>0,Data!N6-4,"") -> 2 | O6: =IF(Data!O6>0,Data!O6-4,"") -> 2 | P6: =IF(Data!P6>0,Data!P6-4,"") -> 2 | Q6: =IF(Data!Q6>0,4-Data!Q6,"") -> 2 | R6: =IF(Data!R6>0,4-Data!R6,"") -> 1 | S6: =IF(Data!S6>0,4-Data!S6,"") -> 2 | T6: =IF(Data!T6>0,Data!T6-4,"") -> 2 | U6: =IF(Data!U6>0,4-Data!U6,"") -> 1 | V6: =IF(Data!V6>0,Data!V6-4,"") -> 2 | W6: =IF(Data!W6>0,4-Data!W6,"") -> 2 | X6: =IF(Data!X6>0,4-Data!X6,"") -> 1 | Y6: =IF(Data!Y6>0,4-Data!Y6,"") -> 1 | Z6: =IF(Data!Z6>0,Data!Z6-4,"") -> 2 | AC6: =IF(COUNT(A6,L6,N6,P6,X6,Y6)>0,AVERAGE(A6,L6,N6,P6,X6,Y6),"") -> 2 | AD6: =IF(COUNT(B6,D6,M6,U6)>0,AVERAGE(B6,D6,M6,U6),"") -> 2 | AE6: =IF(COUNT(I6,T6,V6,W6)>0,AVERAGE(I6,T6,V6,W6),"") -> 2 | AF6: =IF(COUNT(H6,K6,Q6,S6)>0,AVERAGE(H6,K6,Q6,S6),"") -> 0.75 | AG6: =IF(COUNT(E6,F6,G6,R6)>0,AVERAGE(E6,F6,G6,R6),"") -> 1.75 | AH6: =IF(COUNT(C6,J6,O6,Z6)>0,AVERAGE(C6,J6,O6,Z6),"") -> 2
A7: =IF(Data!A7>0,Data!A7-4,"") -> 2 | B7: =IF(Data!B7>0,Data!B7-4,"") -> 2 | C7: =IF(Data!C7>0,4-Data!C7,"") -> 0 | D7: =IF(Data!D7>0,4-Data!D7,"") -> 2 | E7: =IF(Data!E7>0,4-Data!E7,"") -> 1 | F7: =IF(Data!F7>0,Data!F7-4,"") -> 0 | G7: =IF(Data!G7>0,Data!G7-4,"") -> 0 | H7: =IF(Data!H7>0,Data!H7-4,"") -> 2 | I7: =IF(Data!I7>0,4-Data!I7,"") -> 2 | J7: =IF(Data!J7>0,4-Data!J7,"") -> 1 | K7: =IF(Data!K7>0,Data!K7-4,"") -> 1 | L7: =IF(Data!L7>0,4-Data!L7,"") -> 3 | M7: =IF(Data!M7>0,Data!M7-4,"") -> 3 | N7: =IF(Data!N7>0,Data!N7-4,"") -> 1 | O7: =IF(Data!O7>0,Data!O7-4,"") -> 2 | P7: =IF(Data!P7>0,Data!P7-4,"") -> 2 | Q7: =IF(Data!Q7>0,4-Data!Q7,"") -> 3 | R7: =IF(Data!R7>0,4-Data!R7,"") -> 0 | S7: =IF(Data!S7>0,4-Data!S7,"") -> 3 | T7: =IF(Data!T7>0,Data!T7-4,"") -> 3 | U7: =IF(Data!U7>0,4-Data!U7,"") -> 3 | V7: =IF(Data!V7>0,Data!V7-4,"") -> 2 | W7: =IF(Data!W7>0,4-Data!W7,"") -> 2 | X7: =IF(Data!X7>0,4-Data!X7,"") -> 0 | Y7: =IF(Data!Y7>0,4-Data!Y7,"") -> 1 | Z7: =IF(Data!Z7>0,Data!Z7-4,"") -> 0 | AC7: =IF(COUNT(A7,L7,N7,P7,X7,Y7)>0,AVERAGE(A7,L7,N7,P7,X7,Y7),"") -> 1.5 | AD7: =IF(COUNT(B7,D7,M7,U7)>0,AVERAGE(B7,D7,M7,U7),"") -> 2.5 | AE7: =IF(COUNT(I7,T7,V7,W7)>0,AVERAGE(I7,T7,V7,W7),"") -> 2.25 | AF7: =IF(COUNT(H7,K7,Q7,S7)>0,AVERAGE(H7,K7,Q7,S7),"") -> 2.25 | AG7: =IF(COUNT(E7,F7,G7,R7)>0,AVERAGE(E7,F7,G7,R7),"") -> 0.25 | AH7: =IF(COUNT(C7,J7,O7,Z7)>0,AVERAGE(C7,J7,O7,Z7),"") -> 0.75
A8: =IF(Data!A8>0,Data!A8-4,"") -> 2 | B8: =IF(Data!B8>0,Data!B8-4,"") -> -1 | C8: =IF(Data!C8>0,4-Data!C8,"") -> 0 | D8: =IF(Data!D8>0,4-Data!D8,"") -> -1 | E8: =IF(Data!E8>0,4-Data!E8,"") -> 2 | F8: =IF(Data!F8>0,Data!F8-4,"") -> 0 | G8: =IF(Data!G8>0,Data!G8-4,"") -> 1 | H8: =IF(Data!H8>0,Data!H8-4,"") -> 1 | I8: =IF(Data!I8>0,4-Data!I8,"") -> 2 | J8: =IF(Data!J8>0,4-Data!J8,"") -> 0 | K8: =IF(Data!K8>0,Data!K8-4,"") -> 1 | L8: =IF(Data!L8>0,4-Data!L8,"") -> 2 | M8: =IF(Data!M8>0,Data!M8-4,"") -> 1 | N8: =IF(Data!N8>0,Data!N8-4,"") -> 1 | O8: =IF(Data!O8>0,Data!O8-4,"") -> 0 | P8: =IF(Data!P8>0,Data!P8-4,"") -> 1 | Q8: =IF(Data!Q8>0,4-Data!Q8,"") -> 2 | R8: =IF(Data!R8>0,4-Data!R8,"") -> 1 | S8: =IF(Data!S8>0,4-Data!S8,"") -> 2 | T8: =IF(Data!T8>0,Data!T8-4,"") -> 2 | U8: =IF(Data!U8>0,4-Data!U8,"") -> 1 | V8: =IF(Data!V8>0,Data!V8-4,"") -> 2 | W8: =IF(Data!W8>0,4-Data!W8,"") -> 2 | X8: =IF(Data!X8>0,4-Data!X8,"") -> 1 | Y8: =IF(Data!Y8>0,4-Data!Y8,"") -> 1 | Z8: =IF(Data!Z8>0,Data!Z8-4,"") -> 0 | AC8: =IF(COUNT(A8,L8,N8,P8,X8,Y8)>0,AVERAGE(A8,L8,N8,P8,X8,Y8),"") -> 1.3333333 | AD8: =IF(COUNT(B8,D8,M8,U8)>0,AVERAGE(B8,D8,M8,U8),"") -> 0 | AE8: =IF(COUNT(I8,T8,V8,W8)>0,AVERAGE(I8,T8,V8,W8),"") -> 2 | AF8: =IF(COUNT(H8,K8,Q8,S8)>0,AVERAGE(H8,K8,Q8,S8),"") -> 1.5 | AG8: =IF(COUNT(E8,F8,G8,R8)>0,AVERAGE(E8,F8,G8,R8),"") -> 1 | AH8: =IF(COUNT(C8,J8,O8,Z8)>0,AVERAGE(C8,J8,O8,Z8),"") -> 0
A9: =IF(Data!A9>0,Data!A9-4,"") -> -1 | B9: =IF(Data!B9>0,Data!B9-4,"") -> 2 | C9: =IF(Data!C9>0,4-Data!C9,"") -> 2 | D9: =IF(Data!D9>0,4-Data!D9,"") -> -3 | E9: =IF(Data!E9>0,4-Data!E9,"") -> 0 | F9: =IF(Data!F9>0,Data!F9-4,"") -> 0 | G9: =IF(Data!G9>0,Data!G9-4,"") -> 0 | H9: =IF(Data!H9>0,Data!H9-4,"") -> 2 | I9: =IF(Data!I9>0,4-Data!I9,"") -> 2 | J9: =IF(Data!J9>0,4-Data!J9,"") -> 0 | K9: =IF(Data!K9>0,Data!K9-4,"") -> 0 | L9: =IF(Data!L9>0,4-Data!L9,"") -> 0 | M9: =IF(Data!M9>0,Data!M9-4,"") -> 0 | N9: =IF(Data!N9>0,Data!N9-4,"") -> -1 | O9: =IF(Data!O9>0,Data!O9-4,"") -> 0 | P9: =IF(Data!P9>0,Data!P9-4,"") -> -1 | Q9: =IF(Data!Q9>0,4-Data!Q9,"") -> -1 | R9: =IF(Data!R9>0,4-Data!R9,"") -> -1 | S9: =IF(Data!S9>0,4-Data!S9,"") -> 0 | T9: =IF(Data!T9>0,Data!T9-4,"") -> 0 | U9: =IF(Data!U9>0,4-Data!U9,"") -> 2 | V9: =IF(Data!V9>0,Data!V9-4,"") -> 2 | W9: =IF(Data!W9>0,4-Data!W9,"") -> 2 | X9: =IF(Data!X9>0,4-Data!X9,"") -> 0 | Y9: =IF(Data!Y9>0,4-Data!Y9,"") -> 1 | Z9: =IF(Data!Z9>0,Data!Z9-4,"") -> 2 | AC9: =IF(COUNT(A9,L9,N9,P9,X9,Y9)>0,AVERAGE(A9,L9,N9,P9,X9,Y9),"") -> -0.33333333 | AD9: =IF(COUNT(B9,D9,M9,U9)>0,AVERAGE(B9,D9,M9,U9),"") -> 0.25 | AE9: =IF(COUNT(I9,T9,V9,W9)>0,AVERAGE(I9,T9,V9,W9),"") -> 1.5 | AF9: =IF(COUNT(H9,K9,Q9,S9)>0,AVERAGE(H9,K9,Q9,S9),"") -> 0.25 | AG9: =IF(COUNT(E9,F9,G9,R9)>0,AVERAGE(E9,F9,G9,R9),"") -> -0.25 | AH9: =IF(COUNT(C9,J9,O9,Z9)>0,AVERAGE(C9,J9,O9,Z9),"") -> 1
A10: =IF(Data!A10>0,Data!A10-4,"") -> 3 | B10: =IF(Data!B10>0,Data!B10-4,"") -> 1 | C10: =IF(Data!C10>0,4-Data!C10,"") -> 0 | D10: =IF(Data!D10>0,4-Data!D10,"") -> -1 | E10: =IF(Data!E10>0,4-Data!E10,"") -> 3 | F10: =IF(Data!F10>0,Data!F10-4,"") -> 0 | G10: =IF(Data!G10>0,Data!G10-4,"") -> 1 | H10: =IF(Data!H10>0,Data!H10-4,"") -> 0 | I10: =IF(Data!I10>0,4-Data!I10,"") -> 1 | J10: =IF(Data!J10>0,4-Data!J10,"") -> 1 | K10: =IF(Data!K10>0,Data!K10-4,"") -> 2 | L10: =IF(Data!L10>0,4-Data!L10,"") -> 3 | M10: =IF(Data!M10>0,Data!M10-4,"") -> 2 | N10: =IF(Data!N10>0,Data!N10-4,"") -> 3 | O10: =IF(Data!O10>0,Data!O10-4,"") -> 0 | P10: =IF(Data!P10>0,Data!P10-4,"") -> 3 | Q10: =IF(Data!Q10>0,4-Data!Q10,"") -> 3 | R10: =IF(Data!R10>0,4-Data!R10,"") -> 1 | S10: =IF(Data!S10>0,4-Data!S10,"") -> 3 | T10: =IF(Data!T10>0,Data!T10-4,"") -> 3 | U10: =IF(Data!U10>0,4-Data!U10,"") -> 2 | V10: =IF(Data!V10>0,Data!V10-4,"") -> 2 | W10: =IF(Data!W10>0,4-Data!W10,"") -> 2 | X10: =IF(Data!X10>0,4-Data!X10,"") -> 0 | Y10: =IF(Data!Y10>0,4-Data!Y10,"") -> 3 | Z10: =IF(Data!Z10>0,Data!Z10-4,"") -> 2 | AC10: =IF(COUNT(A10,L10,N10,P10,X10,Y10)>0,AVERAGE(A10,L10,N10,P10,X10,Y10),"") -> 2.5 | AD10: =IF(COUNT(B10,D10,M10,U10)>0,AVERAGE(B10,D10,M10,U10),"") -> 1 | AE10: =IF(COUNT(I10,T10,V10,W10)>0,AVERAGE(I10,T10,V10,W10),"") -> 2 | AF10: =IF(COUNT(H10,K10,Q10,S10)>0,AVERAGE(H10,K10,Q10,S10),"") -> 2 | AG10: =IF(COUNT(E10,F10,G10,R10)>0,AVERAGE(E10,F10,G10,R10),"") -> 1.25 | AH10: =IF(COUNT(C10,J10,O10,Z10)>0,AVERAGE(C10,J10,O10,Z10),"") -> 0.75
A11: =IF(Data!A11>0,Data!A11-4,"") -> 1 | B11: =IF(Data!B11>0,Data!B11-4,"") -> 2 | C11: =IF(Data!C11>0,4-Data!C11,"") -> 0 | D11: =IF(Data!D11>0,4-Data!D11,"") -> 1 | E11: =IF(Data!E11>0,4-Data!E11,"") -> 3 | F11: =IF(Data!F11>0,Data!F11-4,"") -> 0 | G11: =IF(Data!G11>0,Data!G11-4,"") -> 0 | H11: =IF(Data!H11>0,Data!H11-4,"") -> 2 | I11: =IF(Data!I11>0,4-Data!I11,"") -> 1 | J11: =IF(Data!J11>0,4-Data!J11,"") -> 2 | K11: =IF(Data!K11>0,Data!K11-4,"") -> 0 | L11: =IF(Data!L11>0,4-Data!L11,"") -> 1 | M11: =IF(Data!M11>0,Data!M11-4,"") -> 2 | N11: =IF(Data!N11>0,Data!N11-4,"") -> 0 | O11: =IF(Data!O11>0,Data!O11-4,"") -> 2 | P11: =IF(Data!P11>0,Data!P11-4,"") -> 1 | Q11: =IF(Data!Q11>0,4-Data!Q11,"") -> 3 | R11: =IF(Data!R11>0,4-Data!R11,"") -> 0 | S11: =IF(Data!S11>0,4-Data!S11,"") -> 2 | T11: =IF(Data!T11>0,Data!T11-4,"") -> 1 | U11: =IF(Data!U11>0,4-Data!U11,"") -> 3 | V11: =IF(Data!V11>0,Data!V11-4,"") -> 3 | W11: =IF(Data!W11>0,4-Data!W11,"") -> 1 | X11: =IF(Data!X11>0,4-Data!X11,"") -> 0 | Y11: =IF(Data!Y11>0,4-Data!Y11,"") -> 0 | Z11: =IF(Data!Z11>0,Data!Z11-4,"") -> 1 | AC11: =IF(COUNT(A11,L11,N11,P11,X11,Y11)>0,AVERAGE(A11,L11,N11,P11,X11,Y11),"") -> 0.5 | AD11: =IF(COUNT(B11,D11,M11,U11)>0,AVERAGE(B11,D11,M11,U11),"") -> 2 | AE11: =IF(COUNT(I11,T11,V11,W11)>0,AVERAGE(I11,T11,V11,W11),"") -> 1.5 | AF11: =IF(COUNT(H11,K11,Q11,S11)>0,AVERAGE(H11,K11,Q11,S11),"") -> 1.75 | AG11: =IF(COUNT(E11,F11,G11,R11)>0,AVERAGE(E11,F11,G11,R11),"") -> 0.75 | AH11: =IF(COUNT(C11,J11,O11,Z11)>0,AVERAGE(C11,J11,O11,Z11),"") -> 1.25
A12: =IF(Data!A12>0,Data!A12-4,"") -> 3 | B12: =IF(Data!B12>0,Data!B12-4,"") -> 3 | C12: =IF(Data!C12>0,4-Data!C12,"") -> 3 | D12: =IF(Data!D12>0,4-Data!D12,"") -> 3 | E12: =IF(Data!E12>0,4-Data!E12,"") -> 3 | F12: =IF(Data!F12>0,Data!F12-4,"") -> 1 | G12: =IF(Data!G12>0,Data!G12-4,"") -> 2 | H12: =IF(Data!H12>0,Data!H12-4,"") -> 0 | I12: =IF(Data!I12>0,4-Data!I12,"") -> 3 | J12: =IF(Data!J12>0,4-Data!J12,"") -> 0 | K12: =IF(Data!K12>0,Data!K12-4,"") -> 0 | L12: =IF(Data!L12>0,4-Data!L12,"") -> 3 | M12: =IF(Data!M12>0,Data!M12-4,"") -> 3 | N12: =IF(Data!N12>0,Data!N12-4,"") -> 3 | O12: =IF(Data!O12>0,Data!O12-4,"") -> 3 | P12: =IF(Data!P12>0,Data!P12-4,"") -> 3 | Q12: =IF(Data!Q12>0,4-Data!Q12,"") -> 2 | R12: =IF(Data!R12>0,4-Data!R12,"") -> 0 | S12: =IF(Data!S12>0,4-Data!S12,"") -> 3 | T12: =IF(Data!T12>0,Data!T12-4,"") -> 3 | U12: =IF(Data!U12>0,4-Data!U12,"") -> 2 | V12: =IF(Data!V12>0,Data!V12-4,"") -> 3 | W12: =IF(Data!W12>0,4-Data!W12,"") -> 1 | X12: =IF(Data!X12>0,4-Data!X12,"") -> 3 | Y12: =IF(Data!Y12>0,4-Data!Y12,"") -> 3 | Z12: =IF(Data!Z12>0,Data!Z12-4,"") -> 0 | AC12: =IF(COUNT(A12,L12,N12,P12,X12,Y12)>0,AVERAGE(A12,L12,N12,P12,X12,Y12),"") -> 3 | AD12: =IF(COUNT(B12,D12,M12,U12)>0,AVERAGE(B12,D12,M12,U12),"") -> 2.75 | AE12: =IF(COUNT(I12,T12,V12,W12)>0,AVERAGE(I12,T12,V12,W12),"") -> 2.5 | AF12: =IF(COUNT(H12,K12,Q12,S12)>0,AVERAGE(H12,K12,Q12,S12),"") -> 1.25 | AG12: =IF(COUNT(E12,F12,G12,R12)>0,AVERAGE(E12,F12,G12,R12),"") -> 1.5 | AH12: =IF(COUNT(C12,J12,O12,Z12)>0,AVERAGE(C12,J12,O12,Z12),"") -> 1.5
A13: =IF(Data!A13>0,Data!A13-4,"") -> 2 | B13: =IF(Data!B13>0,Data!B13-4,"") -> 3 | C13: =IF(Data!C13>0,4-Data!C13,"") -> -2 | D13: =IF(Data!D13>0,4-Data!D13,"") -> -2 | E13: =IF(Data!E13>0,4-Data!E13,"") -> -1 | F13: =IF(Data!F13>0,Data!F13-4,"") -> 1 | G13: =IF(Data!G13>0,Data!G13-4,"") -> 1 | H13: =IF(Data!H13>0,Data!H13-4,"") -> -1 | I13: =IF(Data!I13>0,4-Data!I13,"") -> -1 | J13: =IF(Data!J13>0,4-Data!J13,"") -> -2 | K13: =IF(Data!K13>0,Data!K13-4,"") -> 2 | L13: =IF(Data!L13>0,4-Data!L13,"") -> 3 | M13: =IF(Data!M13>0,Data!M13-4,"") -> 3 | N13: =IF(Data!N13>0,Data!N13-4,"") -> 2 | O13: =IF(Data!O13>0,Data!O13-4,"") -> 1 | P13: =IF(Data!P13>0,Data!P13-4,"") -> 2 | Q13: =IF(Data!Q13>0,4-Data!Q13,"") -> 2 | R13: =IF(Data!R13>0,4-Data!R13,"") -> 2 | S13: =IF(Data!S13>0,4-Data!S13,"") -> 2 | T13: =IF(Data!T13>0,Data!T13-4,"") -> 2 | U13: =IF(Data!U13>0,4-Data!U13,"") -> 3 | V13: =IF(Data!V13>0,Data!V13-4,"") -> 3 | W13: =IF(Data!W13>0,4-Data!W13,"") -> 3 | X13: =IF(Data!X13>0,4-Data!X13,"") -> 2 | Y13: =IF(Data!Y13>0,4-Data!Y13,"") -> 3 | Z13: =IF(Data!Z13>0,Data!Z13-4,"") -> -3 | AC13: =IF(COUNT(A13,L13,N13,P13,X13,Y13)>0,AVERAGE(A13,L13,N13,P13,X13,Y13),"") -> 2.3333333 | AD13: =IF(COUNT(B13,D13,M13,U13)>0,AVERAGE(B13,D13,M13,U13),"") -> 1.75 | AE13: =IF(COUNT(I13,T13,V13,W13)>0,AVERAGE(I13,T13,V13,W13),"") -> 1.75 | AF13: =IF(COUNT(H13,K13,Q13,S13)>0,AVERAGE(H13,K13,Q13,S13),"") -> 1.25 | AG13: =IF(COUNT(E13,F13,G13,R13)>0,AVERAGE(E13,F13,G13,R13),"") -> 0.75 | AH13: =IF(COUNT(C13,J13,O13,Z13)>0,AVERAGE(C13,J13,O13,Z13),"") -> -1.5
A14: =IF(Data!A14>0,Data!A14-4,"") -> 1 | B14: =IF(Data!B14>0,Data!B14-4,"") -> 1 | C14: =IF(Data!C14>0,4-Data!C14,"") -> -2 | D14: =IF(Data!D14>0,4-Data!D14,"") -> -2 | E14: =IF(Data!E14>0,4-Data!E14,"") -> 2 | F14: =IF(Data!F14>0,Data!F14-4,"") -> 0 | G14: =IF(Data!G14>0,Data!G14-4,"") -> 1 | H14: =IF(Data!H14>0,Data!H14-4,"") -> -1 | I14: =IF(Data!I14>0,4-Data!I14,"") -> 0 | J14: =IF(Data!J14>0,4-Data!J14,"") -> 2 | K14: =IF(Data!K14>0,Data!K14-4,"") -> 1 | L14: =IF(Data!L14>0,4-Data!L14,"") -> 1 | M14: =IF(Data!M14>0,Data!M14-4,"") -> 1 | N14: =IF(Data!N14>0,Data!N14-4,"") -> 1 | O14: =IF(Data!O14>0,Data!O14-4,"") -> 1 | P14: =IF(Data!P14>0,Data!P14-4,"") -> 1 | Q14: =IF(Data!Q14>0,4-Data!Q14,"") -> 3 | R14: =IF(Data!R14>0,4-Data!R14,"") -> 0 | S14: =IF(Data!S14>0,4-Data!S14,"") -> 2 | T14: =IF(Data!T14>0,Data!T14-4,"") -> 1 | U14: =IF(Data!U14>0,4-Data!U14,"") -> 1 | V14: =IF(Data!V14>0,Data!V14-4,"") -> 1 | W14: =IF(Data!W14>0,4-Data!W14,"") -> -2 | X14: =IF(Data!X14>0,4-Data!X14,"") -> 2 | Y14: =IF(Data!Y14>0,4-Data!Y14,"") -> 2 | Z14: =IF(Data!Z14>0,Data!Z14-4,"") -> 2 | AC14: =IF(COUNT(A14,L14,N14,P14,X14,Y14)>0,AVERAGE(A14,L14,N14,P14,X14,Y14),"") -> 1.3333333 | AD14: =IF(COUNT(B14,D14,M14,U14)>0,AVERAGE(B14,D14,M14,U14),"") -> 0.25 | AE14: =IF(COUNT(I14,T14,V14,W14)>0,AVERAGE(I14,T14,V14,W14),"") -> 0 | AF14: =IF(COUNT(H14,K14,Q14,S14)>0,AVERAGE(H14,K14,Q14,S14),"") -> 1.25 | AG14: =IF(COUNT(E14,F14,G14,R14)>0,AVERAGE(E14,F14,G14,R14),"") -> 0.75 | AH14: =IF(COUNT(C14,J14,O14,Z14)>0,AVERAGE(C14,J14,O14,Z14),"") -> 0.75
A15: =IF(Data!A15>0,Data!A15-4,"") -> 2 | B15: =IF(Data!B15>0,Data!B15-4,"") -> 2 | C15: =IF(Data!C15>0,4-Data!C15,"") -> 0 | D15: =IF(Data!D15>0,4-Data!D15,"") -> 2 | E15: =IF(Data!E15>0,4-Data!E15,"") -> 2 | F15: =IF(Data!F15>0,Data!F15-4,"") -> 1 | G15: =IF(Data!G15>0,Data!G15-4,"") -> 1 | H15: =IF(Data!H15>0,Data!H15-4,"") -> 1 | I15: =IF(Data!I15>0,4-Data!I15,"") -> 0 | J15: =IF(Data!J15>0,4-Data!J15,"") -> 1 | K15: =IF(Data!K15>0,Data!K15-4,"") -> 0 | L15: =IF(Data!L15>0,4-Data!L15,"") -> 2 | M15: =IF(Data!M15>0,Data!M15-4,"") -> 1 | N15: =IF(Data!N15>0,Data!N15-4,"") -> 0 | O15: =IF(Data!O15>0,Data!O15-4,"") -> 0 | P15: =IF(Data!P15>0,Data!P15-4,"") -> 1 | Q15: =IF(Data!Q15>0,4-Data!Q15,"") -> 1 | R15: =IF(Data!R15>0,4-Data!R15,"") -> 0 | S15: =IF(Data!S15>0,4-Data!S15,"") -> 2 | T15: =IF(Data!T15>0,Data!T15-4,"") -> 1 | U15: =IF(Data!U15>0,4-Data!U15,"") -> 2 | V15: =IF(Data!V15>0,Data!V15-4,"") -> 0 | W15: =IF(Data!W15>0,4-Data!W15,"") -> 1 | X15: =IF(Data!X15>0,4-Data!X15,"") -> 1 | Y15: =IF(Data!Y15>0,4-Data!Y15,"") -> 1 | Z15: =IF(Data!Z15>0,Data!Z15-4,"") -> 0 | AC15: =IF(COUNT(A15,L15,N15,P15,X15,Y15)>0,AVERAGE(A15,L15,N15,P15,X15,Y15),"") -> 1.1666667 | AD15: =IF(COUNT(B15,D15,M15,U15)>0,AVERAGE(B15,D15,M15,U15),"") -> 1.75 | AE15: =IF(COUNT(I15,T15,V15,W15)>0,AVERAGE(I15,T15,V15,W15),"") -> 0.5 | AF15: =IF(COUNT(H15,K15,Q15,S15)>0,AVERAGE(H15,K15,Q15,S15),"") -> 1 | AG15: =IF(COUNT(E15,F15,G15,R15)>0,AVERAGE(E15,F15,G15,R15),"") -> 1 | AH15: =IF(COUNT(C15,J15,O15,Z15)>0,AVERAGE(C15,J15,O15,Z15),"") -> 0.25
... A1004: =IF(Data!A1004>0,Data!A1004-4,"") | B1004: =IF(Data!B1004>0,Data!B1004-4,"") | C1004: =IF(Data!C1004>0,4-Data!C1004,"") | D1004: =IF(Data!D1004>0,4-Data!D1004,"") | E1004: =IF(Data!E1004>0,4-Data!E1004,"") | F1004: =IF(Data!F1004>0,Data!F1004-4,"") | G1004: =IF(Data!G1004>0,Data!G1004-4,"") | H1004: =IF(Data!H1004>0,Data!H1004-4,"") | I1004: =IF(Data!I1004>0,4-Data!I1004,"") | J1004: =IF(Data!J1004>0,4-Data!J1004,"") | K1004: =IF(Data!K1004>0,Data!K1004-4,"") | L1004: =IF(Data!L1004>0,4-Data!L1004,"") | M1004: =IF(Data!M1004>0,Data!M1004-4,"") | N1004: =IF(Data!N1004>0,Data!N1004-4,"") | O1004: =IF(Data!O1004>0,Data!O1004-4,"") | P1004: =IF(Data!P1004>0,Data!P1004-4,"") | Q1004: =IF(Data!Q1004>0,4-Data!Q1004,"") | R1004: =IF(Data!R1004>0,4-Data!R1004,"") | S1004: =IF(Data!S1004>0,4-Data!S1004,"") | T1004: =IF(Data!T1004>0,Data!T1004-4,"") | U1004: =IF(Data!U1004>0,4-Data!U1004,"") | V1004: =IF(Data!V1004>0,Data!V1004-4,"") | W1004: =IF(Data!W1004>0,4-Data!W1004,"") | X1004: =IF(Data!X1004>0,4-Data!X1004,"") | Y1004: =IF(Data!Y1004>0,4-Data!Y1004,"") | Z1004: =IF(Data!Z1004>0,Data!Z1004-4,"") | AC1004: =IF(COUNT(A1004,L1004,N1004,P1004,X1004,Y1004)>0,AVERAGE(A1004,L1004,N1004,P1004,X1004,Y1004),"") | AD1004: =IF(COUNT(B1004,D1004,M1004,U1004)>0,AVERAGE(B1004,D1004,M1004,U1004),"") | AE1004: =IF(COUNT(I1004,T1004,V1004,W1004)>0,AVERAGE(I1004,T1004,V1004,W1004),"") | AF1004: =IF(COUNT(H1004,K1004,Q1004,S1004)>0,AVERAGE(H1004,K1004,Q1004,S1004),"") | AG1004: =IF(COUNT(E1004,F1004,G1004,R1004)>0,AVERAGE(E1004,F1004,G1004,R1004),"") | AH1004: =IF(COUNT(C1004,J1004,O1004,Z1004)>0,AVERAGE(C1004,J1004,O1004,Z1004),"")

Sheet Results
A1: Results You can interpret the means of the scales. The UEQ does not produce an overall score for the user experience (you need to use the KPI extension for this). Because of the construction of the questionnaire it does make no sense to built such an overall score (for example by calculating the mean over all scales), since this value can not be interpreted properly. The values for the single items are listed to allow you to detect outliers in the evaluations. If an item shows big deviations to the evaluations of the other items of the same scale this can be a hint that the item is misinterpreted (for example, because of a special context in your evaluation) by a higher number of participants. Values between -0.8and 0.8 represent a more or less neutral evaluation of the corresponding scale, values > 0,8 represent a positive evaluation and values < -0,8 represent a negative evaluation. The range of the scales is between -3 (horribly bad) and +3 (extremely good). But in real applications, in general, only values in a restricted range will be observed. It is due to the calculation of means over a range of different persons with different opinions and answer tendencies (for example the avoidance of extreme answer categories) extremely unlikely to observe values above +2 or below -2. Thus, even a quite good value of +1.5 for a scale looks from the purely visual standpoint on a scale range of -3 to +3 not as positive as it really is. For this reason this sheet contains two variants for the figure that depicts the scale means. Use the figure with the reduced scale -2 to +2 if you communicate the results to persons that have not much knolwedge on the interpretation of this type of data and in situations where you don't want to explain in detail how building mean values and answer tendencies influence the observed data.
A2: Item | B2: Mean | C2: Variance | D2: Std. Dev. | E2: No. | F2: Left | G2: Right | H2: Scale | K2: UEQ Scales (Mean and Variance)
A3: 1 | B3: =AVERAGE(DT!A4:A1004) -> 1.572549 | C3: =VAR(DT!A4:A1004) -> 1.8756214 | D3: =SQRT(C3) -> 1.3695333 | E3: =COUNTA(Data!A4:A1004) -> 255 | F3: =VLOOKUP(Read_First!B5,Items!A1:BA50,2,FALSE) -> annoying | G3: =VLOOKUP(Read_First!B5,Items!A1:BA50,3,FALSE) -> enjoyable | H3: =VLOOKUP(Read_First!B5,Items!A1:BI50,54,FALSE) -> Attractiveness | K3: =VLOOKUP(Read_First!B5,Items!A1:BI50,54,FALSE) -> Attractiveness | L3: =AVERAGE(DT!AC4:AC1004) -> 1.4732026 | M3: =VAR(DT!AC4:AC1004) -> 1.3053814
A4: 2 | B4: =AVERAGE(DT!B4:B1004) -> 1.8862745 | C4: =VAR(DT!B4:B1004) -> 1.7232361 | D4: =SQRT(C4) -> 1.3127209 | E4: =COUNTA(Data!B4:B1004) -> 255 | F4: =VLOOKUP(Read_First!B5,Items!A1:BA50,4,FALSE) -> not understandable | G4: =VLOOKUP(Read_First!B5,Items!A1:BA50,5,FALSE) -> understandable | H4: =VLOOKUP(Read_First!B5,Items!A1:BI50,55,FALSE) -> Perspicuity | K4: =VLOOKUP(Read_First!B5,Items!A1:BI50,55,FALSE) -> Perspicuity | L4: =AVERAGE(DT!AD4:AD1004) -> 1.6421569 | M4: =VAR(DT!AD4:AD1004) -> 1.2949186
A5: 3 | B5: =AVERAGE(DT!C4:C1004) -> 0.78823529 | C5: =VAR(DT!C4:C1004) -> 2.3171839 | D5: =SQRT(C5) -> 1.5222299 | E5: =COUNTA(Data!C4:C1004) -> 255 | F5: =VLOOKUP(Read_First!B5,Items!A1:BA50,6,FALSE) -> creative | G5: =VLOOKUP(Read_First!B5,Items!A1:BA50,7,FALSE) -> dull | H5: =VLOOKUP(Read_First!B5,Items!A1:BI50,59,FALSE) -> Novelty | K5: =VLOOKUP(Read_First!B5,Items!A1:BI50,56,FALSE) -> Efficiency | L5: =AVERAGE(DT!AE4:AE1004) -> 1.6068627 | M5: =VAR(DT!AE4:AE1004) -> 1.0980334
A6: 4 | B6: =AVERAGE(DT!D4:D1004) -> 1.4862745 | C6: =VAR(DT!D4:D1004) -> 2.6523699 | D6: =SQRT(C6) -> 1.6286098 | E6: =COUNTA(Data!D4:D1004) -> 255 | F6: =VLOOKUP(Read_First!B5,Items!A1:BA50,8,FALSE) -> easy to learn | G6: =VLOOKUP(Read_First!B5,Items!A1:BA50,9,FALSE) -> difficult to learn | H6: =VLOOKUP(Read_First!B5,Items!A1:BI50,55,FALSE) -> Perspicuity | K6: =VLOOKUP(Read_First!B5,Items!A1:BI50,57,FALSE) -> Dependability | L6: =AVERAGE(DT!AF4:AF1004) -> 1.2431373 | M6: =VAR(DT!AF4:AF1004) -> 0.82500193
A7: 5 | B7: =AVERAGE(DT!E4:E1004) -> 1.4980392 | C7: =VAR(DT!E4:E1004) -> 2.1879883 | D7: =SQRT(C7) -> 1.479185 | E7: =COUNTA(Data!E4:E1004) -> 255 | F7: =VLOOKUP(Read_First!B5,Items!A1:BA50,10,FALSE) -> valuable | G7: =VLOOKUP(Read_First!B5,Items!A1:BA50,11,FALSE) -> inferior | H7: =VLOOKUP(Read_First!B5,Items!A1:BI50,58,FALSE) -> Stimulation | K7: =VLOOKUP(Read_First!B5,Items!A1:BI50,58,FALSE) -> Stimulation | L7: =AVERAGE(DT!AG4:AG1004) -> 1.1352941 | M7: =VAR(DT!AG4:AG1004) -> 1.1258164
A8: 6 | B8: =AVERAGE(DT!F4:F1004) -> 0.98823529 | C8: =VAR(DT!F4:F1004) -> 1.6573414 | D8: =SQRT(C8) -> 1.2873777 | E8: =COUNTA(Data!F4:F1004) -> 255 | F8: =VLOOKUP(Read_First!B5,Items!A1:BA50,12,FALSE) -> boring | G8: =VLOOKUP(Read_First!B5,Items!A1:BA50,13,FALSE) -> exciting | H8: =VLOOKUP(Read_First!B5,Items!A1:BI50,58,FALSE) -> Stimulation | K8: =VLOOKUP(Read_First!B5,Items!A1:BI50,59,FALSE) -> Novelty | L8: =AVERAGE(DT!AH4:AH1004) -> 0.77352941 | M8: =VAR(DT!AH4:AH1004) -> 1.1652906
A9: 7 | B9: =AVERAGE(DT!G4:G1004) -> 1.227451 | C9: =VAR(DT!G4:G1004) -> 1.8693222 | D9: =SQRT(C9) -> 1.3672316 | E9: =COUNTA(Data!G4:G1004) -> 255 | F9: =VLOOKUP(Read_First!B5,Items!A1:BA50,14,FALSE) -> not interesting | G9: =VLOOKUP(Read_First!B5,Items!A1:BA50,15,FALSE) -> interesting | H9: =VLOOKUP(Read_First!B5,Items!A1:BI50,58,FALSE) -> Stimulation
A10: 8 | B10: =AVERAGE(DT!H4:H1004) -> 0.62352941 | C10: =VAR(DT!H4:H1004) -> 1.8025938 | D10: =SQRT(C10) -> 1.3426071 | E10: =COUNTA(Data!H4:H1004) -> 255 | F10: =VLOOKUP(Read_First!B5,Items!A1:BA50,16,FALSE) -> unpredictable | G10: =VLOOKUP(Read_First!B5,Items!A1:BA50,17,FALSE) -> predictable | H10: =VLOOKUP(Read_First!B5,Items!A1:BI50,57,FALSE) -> Dependability
A11: 9 | B11: =AVERAGE(DT!I4:I1004) -> 1.4313725 | C11: =VAR(DT!I4:I1004) -> 1.8131851 | D11: =SQRT(C11) -> 1.3465456 | E11: =COUNTA(Data!I4:I1004) -> 255 | F11: =VLOOKUP(Read_First!B5,Items!A1:BA50,18,FALSE) -> fast | G11: =VLOOKUP(Read_First!B5,Items!A1:BA50,19,FALSE) -> slow | H11: =VLOOKUP(Read_First!B5,Items!A1:BI50,56,FALSE) -> Efficiency
A12: 10 | B12: =AVERAGE(DT!J4:J1004) -> 0.78823529 | C12: =VAR(DT!J4:J1004) -> 2.2226957 | D12: =SQRT(C12) -> 1.4908708 | E12: =COUNTA(Data!J4:J1004) -> 255 | F12: =VLOOKUP(Read_First!B5,Items!A1:BA50,20,FALSE) -> inventive | G12: =VLOOKUP(Read_First!B5,Items!A1:BA50,21,FALSE) -> conventional | H12: =VLOOKUP(Read_First!B5,Items!A1:BI50,59,FALSE) -> Novelty
A13: 11 | B13: =AVERAGE(DT!K4:K1004) -> 1.0392157 | C13: =VAR(DT!K4:K1004) -> 1.7858577 | D13: =SQRT(C13) -> 1.3363599 | E13: =COUNTA(Data!K4:K1004) -> 255 | F13: =VLOOKUP(Read_First!B5,Items!A1:BA50,22,FALSE) -> obstructive | G13: =VLOOKUP(Read_First!B5,Items!A1:BA50,23,FALSE) -> supportive | H13: =VLOOKUP(Read_First!B5,Items!A1:BI50,57,FALSE) -> Dependability
A14: 12 | B14: =AVERAGE(DT!L4:L1004) -> 1.6862745 | C14: =VAR(DT!L4:L1004) -> 2.0665432 | D14: =SQRT(C14) -> 1.4375476 | E14: =COUNTA(Data!L4:L1004) -> 255 | F14: =VLOOKUP(Read_First!B5,Items!A1:BA50,24,FALSE) -> good | G14: =VLOOKUP(Read_First!B5,Items!A1:BA50,25,FALSE) -> bad | H14: =VLOOKUP(Read_First!B5,Items!A1:BI50,54,FALSE) -> Attractiveness
A15: 13 | B15: =AVERAGE(DT!M4:M1004) -> 1.5254902 | C15: =VAR(DT!M4:M1004) -> 1.9904894 | D15: =SQRT(C15) -> 1.4108471 | E15: =COUNTA(Data!M4:M1004) -> 255 | F15: =VLOOKUP(Read_First!B5,Items!A1:BA50,26,FALSE) -> complicated | G15: =VLOOKUP(Read_First!B5,Items!A1:BA50,27,FALSE) -> easy | H15: =VLOOKUP(Read_First!B5,Items!A1:BI50,55,FALSE) -> Perspicuity
A16: 14 | B16: =AVERAGE(DT!N4:N1004) -> 1.427451 | C16: =VAR(DT!N4:N1004) -> 2.0882199 | D16: =SQRT(C16) -> 1.4450674 | E16: =COUNTA(Data!N4:N1004) -> 255 | F16: =VLOOKUP(Read_First!B5,Items!A1:BA50,28,FALSE) -> unlikable | G16: =VLOOKUP(Read_First!B5,Items!A1:BA50,29,FALSE) -> pleasing | H16: =VLOOKUP(Read_First!B5,Items!A1:BI50,54,FALSE) -> Attractiveness
A17: 15 | B17: =AVERAGE(DT!O4:O1004) -> 0.82745098 | C17: =VAR(DT!O4:O1004) -> 2.1275899 | D17: =SQRT(C17) -> 1.458626 | E17: =COUNTA(Data!O4:O1004) -> 255 | F17: =VLOOKUP(Read_First!B5,Items!A1:BA50,30,FALSE) -> usual | G17: =VLOOKUP(Read_First!B5,Items!A1:BA50,31,FALSE) -> leading edge | H17: =VLOOKUP(Read_First!B5,Items!A1:BI50,59,FALSE) -> Novelty
A18: 16 | B18: =AVERAGE(DT!P4:P1004) -> 1.4784314 | C18: =VAR(DT!P4:P1004) -> 1.9434306 | D18: =SQRT(C18) -> 1.3940698 | E18: =COUNTA(Data!P4:P1004) -> 255 | F18: =VLOOKUP(Read_First!B5,Items!A1:BA50,32,FALSE) -> unpleasant | G18: =VLOOKUP(Read_First!B5,Items!A1:BA50,33,FALSE) -> pleasant | H18: =VLOOKUP(Read_First!B5,Items!A1:BI50,54,FALSE) -> Attractiveness
A19: 17 | B19: =AVERAGE(DT!Q4:Q1004) -> 1.5607843 | C19: =VAR(DT!Q4:Q1004) -> 2.1212907 | D19: =SQRT(C19) -> 1.4564651 | E19: =COUNTA(Data!Q4:Q1004) -> 255 | F19: =VLOOKUP(Read_First!B5,Items!A1:BA50,34,FALSE) -> secure | G19: =VLOOKUP(Read_First!B5,Items!A1:BA50,35,FALSE) -> not secure | H19: =VLOOKUP(Read_First!B5,Items!A1:BI50,57,FALSE) -> Dependability
A20: 18 | B20: =AVERAGE(DT!R4:R1004) -> 0.82745098 | C20: =VAR(DT!R4:R1004) -> 1.7102671 | D20: =SQRT(C20) -> 1.3077718 | E20: =COUNTA(Data!R4:R1004) -> 255 | F20: =VLOOKUP(Read_First!B5,Items!A1:BA50,36,FALSE) -> motivating | G20: =VLOOKUP(Read_First!B5,Items!A1:BA50,37,FALSE) -> demotivating | H20: =VLOOKUP(Read_First!B5,Items!A1:BI50,58,FALSE) -> Stimulation
A21: 19 | B21: =AVERAGE(DT!S4:S1004) -> 1.7490196 | C21: =VAR(DT!S4:S1004) -> 1.8658947 | D21: =SQRT(C21) -> 1.3659776 | E21: =COUNTA(Data!S4:S1004) -> 255 | F21: =VLOOKUP(Read_First!B5,Items!A1:BA50,38,FALSE) -> meets expectations | G21: =VLOOKUP(Read_First!B5,Items!A1:BA50,39,FALSE) -> does not meet expectations | H21: =VLOOKUP(Read_First!B5,Items!A1:BI50,57,FALSE) -> Dependability
A22: 20 | B22: =AVERAGE(DT!T4:T1004) -> 1.7411765 | C22: =VAR(DT!T4:T1004) -> 1.7752663 | D22: =SQRT(C22) -> 1.3323912 | E22: =COUNTA(Data!T4:T1004) -> 255 | F22: =VLOOKUP(Read_First!B5,Items!A1:BA50,40,FALSE) -> inefficient | G22: =VLOOKUP(Read_First!B5,Items!A1:BA50,41,FALSE) -> efficient | H22: =VLOOKUP(Read_First!B5,Items!A1:BI50,56,FALSE) -> Efficiency
A23: 21 | B23: =AVERAGE(DT!U4:U1004) -> 1.6705882 | C23: =VAR(DT!U4:U1004) -> 1.9461788 | D23: =SQRT(C23) -> 1.3950551 | E23: =COUNTA(Data!U4:U1004) -> 255 | F23: =VLOOKUP(Read_First!B5,Items!A1:BA50,42,FALSE) -> clear | G23: =VLOOKUP(Read_First!B5,Items!A1:BA50,43,FALSE) -> confusing | H23: =VLOOKUP(Read_First!B5,Items!A1:BI50,55,FALSE) -> Perspicuity
A24: 22 | B24: =AVERAGE(DT!V4:V1004) -> 1.9294118 | C24: =VAR(DT!V4:V1004) -> 1.2390922 | D24: =SQRT(C24) -> 1.1131452 | E24: =COUNTA(Data!V4:V1004) -> 255 | F24: =VLOOKUP(Read_First!B5,Items!A1:BA50,44,FALSE) -> impractical | G24: =VLOOKUP(Read_First!B5,Items!A1:BA50,45,FALSE) -> practical | H24: =VLOOKUP(Read_First!B5,Items!A1:BI50,56,FALSE) -> Efficiency
A25: 23 | B25: =AVERAGE(DT!W4:W1004) -> 1.3254902 | C25: =VAR(DT!W4:W1004) -> 2.5511193 | D25: =SQRT(C25) -> 1.5972224 | E25: =COUNTA(Data!W4:W1004) -> 255 | F25: =VLOOKUP(Read_First!B5,Items!A1:BA50,46,FALSE) -> organized | G25: =VLOOKUP(Read_First!B5,Items!A1:BA50,47,FALSE) -> cluttered | H25: =VLOOKUP(Read_First!B5,Items!A1:BI50,56,FALSE) -> Efficiency
A26: 24 | B26: =AVERAGE(DT!X4:X1004) -> 1.2039216 | C26: =VAR(DT!X4:X1004) -> 1.7928979 | D26: =SQRT(C26) -> 1.3389914 | E26: =COUNTA(Data!X4:X1004) -> 255 | F26: =VLOOKUP(Read_First!B5,Items!A1:BA50,48,FALSE) -> attractive | G26: =VLOOKUP(Read_First!B5,Items!A1:BA50,49,FALSE) -> unattractive | H26: =VLOOKUP(Read_First!B5,Items!A1:BI50,54,FALSE) -> Attractiveness
A27: 25 | B27: =AVERAGE(DT!Y4:Y1004) -> 1.4705882 | C27: =VAR(DT!Y4:Y1004) -> 1.7698008 | D27: =SQRT(C27) -> 1.3303386 | E27: =COUNTA(Data!Y4:Y1004) -> 255 | F27: =VLOOKUP(Read_First!B5,Items!A1:BA50,50,FALSE) -> friendly | G27: =VLOOKUP(Read_First!B5,Items!A1:BA50,51,FALSE) -> unfriendly | H27: =VLOOKUP(Read_First!B5,Items!A1:BI50,54,FALSE) -> Attractiveness
A28: 26 | B28: =AVERAGE(DT!Z4:Z1004) -> 0.69019608 | C28: =VAR(DT!Z4:Z1004) -> 2.1752972 | D28: =SQRT(C28) -> 1.4748889 | E28: =COUNTA(Data!Z4:Z1004) -> 255 | F28: =VLOOKUP(Read_First!B5,Items!A1:BA50,52,FALSE) -> conservative | G28: =VLOOKUP(Read_First!B5,Items!A1:BA50,53,FALSE) -> innovative | H28: =VLOOKUP(Read_First!B5,Items!A1:BI50,59,FALSE) -> Novelty
K39: Pragmatic and Hedonic Quality
K40: =VLOOKUP(Read_First!B5,Items!A1:BI50,54,FALSE) -> Attractiveness | L40: =AVERAGE(DT!AC4:AC1004) -> 1.4732026
K41: =VLOOKUP(Read_First!B5,Items!A1:BI50,60,FALSE) -> Pragmatic Quality | L41: =(L4+L5+L6)/3 -> 1.4973856
K42: =VLOOKUP(Read_First!B5,Items!A1:BI50,61,FALSE) -> Hedonic Quality | L42: =(L7+L8)/2 -> 0.95441176
K44: The scales of the UEQ can be grouped into pragmatic quality (Perspicuity, Efficiency, Dependability) and hedonic quality (Stimulation, Originality). Pragmatic quality describes task related quality aspects, hedonic quality the non-task related quality aspects. Below the mean of the three pragmatic and hedonic quality aspects is calculated.

Sheet Confidence_Intervals
A1: Confidence intervals for items and scales Here the 5% confidence intervals for the scale means and the means of the single items are shown. The confidence interval is a measure for the precision of the estimation of the scale mean. The smaller the confidence interval is, the higher is the precision of the estimation and the more you can trust your results. The width of the confidence interval depends on the number of available data and on how consistenly the persons judged the evaluated product. The more consistent their opinion is the smaller is the confidence interval. The work sheet Sample_Size helps you to decide how many data you would need to achieve a certain width of the confidence intervall.
A3: Confidence interval (p=0.05) per item | I3: Confidence intervals (p=0.05) per scale
A4: Item | B4: Mean | C4: Std. Dev. | D4: N | E4: Confidence | F4: Confidence interval | I4: Scale | J4: Mean | K4: Std. Dev. | L4: N | M4: Confidence | N4: Confidence interval
A5: 1 | B5: =Results!B3 -> 1.572549 | C5: =Results!D3 -> 1.3695333 | D5: =Results!E3 -> 255 | E5: =CONFIDENCE(0.05, C5, D5) -> 0.16809337 | F5: =B5-E5 -> 1.4044556 | G5: =B5+E5 -> 1.7406424 | I5: =VLOOKUP(Read_First!B5,Items!A1:BI50,54,FALSE) -> Attractiveness | J5: =AVERAGE(DT!AC4:AC1004) -> 1.4732026 | K5: =STDEV(DT!AC4:AC1004) -> 1.1425329 | L5: =MAX(D5:D24) -> 255 | M5: =CONFIDENCE(0.05, K5, L5) -> 0.14023187 | N5: =J5-M5 -> 1.3329707 | O5: =J5+M5 -> 1.6134345
A6: 2 | B6: =Results!B4 -> 1.8862745 | C6: =Results!D4 -> 1.3127209 | D6: =Results!E4 -> 255 | E6: =CONFIDENCE(0.05, C6, D6) -> 0.16112035 | F6: =B6-E6 -> 1.7251542 | G6: =B6+E6 -> 2.0473949 | I6: =VLOOKUP(Read_First!B5,Items!A1:BI50,55,FALSE) -> Perspicuity | J6: =AVERAGE(DT!AD4:AD1004) -> 1.6421569 | K6: =STDEV(DT!AD4:AD1004) -> 1.1379449 | L6: =L5 -> 255 | M6: =CONFIDENCE(0.05, K6, L6) -> 0.13966874 | N6: =J6-M6 -> 1.5024881 | O6: =J6+M6 -> 1.7818256
A7: 3 | B7: =Results!B5 -> 0.78823529 | C7: =Results!D5 -> 1.5222299 | D7: =Results!E5 -> 255 | E7: =CONFIDENCE(0.05, C7, D7) -> 0.18683501 | F7: =B7-E7 -> 0.60140029 | G7: =B7+E7 -> 0.9750703 | I7: =VLOOKUP(Read_First!B5,Items!A1:BI50,56,FALSE) -> Efficiency | J7: =AVERAGE(DT!AE4:AE1004) -> 1.6068627 | K7: =STDEV(DT!AE4:AE1004) -> 1.0478709 | L7: =L6 -> 255 | M7: =CONFIDENCE(0.05, K7, L7) -> 0.12861327 | N7: =J7-M7 -> 1.4782495 | O7: =J7+M7 -> 1.735476
A8: 4 | B8: =Results!B6 -> 1.4862745 | C8: =Results!D6 -> 1.6286098 | D8: =Results!E6 -> 255 | E8: =CONFIDENCE(0.05, C8, D8) -> 0.19989183 | F8: =B8-E8 -> 1.2863827 | G8: =B8+E8 -> 1.6861663 | I8: =VLOOKUP(Read_First!B5,Items!A1:BI50,57,FALSE) -> Dependability | J8: =AVERAGE(DT!AF4:AF1004) -> 1.2431373 | K8: =STDEV(DT!AF4:AF1004) -> 0.90829617 | L8: =L7 -> 255 | M8: =CONFIDENCE(0.05, K8, L8) -> 0.11148219 | N8: =J8-M8 -> 1.1316551 | O8: =J8+M8 -> 1.3546194
A9: 5 | B9: =Results!B7 -> 1.4980392 | C9: =Results!D7 -> 1.479185 | D9: =Results!E7 -> 255 | E9: =CONFIDENCE(0.05, C9, D9) -> 0.18155177 | F9: =B9-E9 -> 1.3164874 | G9: =B9+E9 -> 1.679591 | I9: =VLOOKUP(Read_First!B5,Items!A1:BI50,58,FALSE) -> Stimulation | J9: =AVERAGE(DT!AG4:AG1004) -> 1.1352941 | K9: =STDEV(DT!AG4:AG1004) -> 1.0610449 | L9: =L8 -> 255 | M9: =CONFIDENCE(0.05, K9, L9) -> 0.13023022 | N9: =J9-M9 -> 1.0050639 | O9: =J9+M9 -> 1.2655243
A10: 6 | B10: =Results!B8 -> 0.98823529 | C10: =Results!D8 -> 1.2873777 | D10: =Results!E8 -> 255 | E10: =CONFIDENCE(0.05, C10, D10) -> 0.15800979 | F10: =B10-E10 -> 0.83022551 | G10: =B10+E10 -> 1.1462451 | I10: =VLOOKUP(Read_First!B5,Items!A1:BI50,59,FALSE) -> Novelty | J10: =AVERAGE(DT!AH4:AH1004) -> 0.77352941 | K10: =STDEV(DT!AH4:AH1004) -> 1.0794863 | L10: =L9 -> 255 | M10: =CONFIDENCE(0.05, K10, L10) -> 0.13249367 | N10: =J10-M10 -> 0.64103574 | O10: =J10+M10 -> 0.90602308
A11: 7 | B11: =Results!B9 -> 1.227451 | C11: =Results!D9 -> 1.3672316 | D11: =Results!E9 -> 255 | E11: =CONFIDENCE(0.05, C11, D11) -> 0.16781087 | F11: =B11-E11 -> 1.0596401 | G11: =B11+E11 -> 1.3952618
A12: 8 | B12: =Results!B10 -> 0.62352941 | C12: =Results!D10 -> 1.3426071 | D12: =Results!E10 -> 255 | E12: =CONFIDENCE(0.05, C12, D12) -> 0.16478851 | F12: =B12-E12 -> 0.4587409 | G12: =B12+E12 -> 0.78831793
A13: 9 | B13: =Results!B11 -> 1.4313725 | C13: =Results!D11 -> 1.3465456 | D13: =Results!E11 -> 255 | E13: =CONFIDENCE(0.05, C13, D13) -> 0.16527192 | F13: =B13-E13 -> 1.2661006 | G13: =B13+E13 -> 1.5966445
A14: 10 | B14: =Results!B12 -> 0.78823529 | C14: =Results!D12 -> 1.4908708 | D14: =Results!E12 -> 255 | E14: =CONFIDENCE(0.05, C14, D14) -> 0.18298606 | F14: =B14-E14 -> 0.60524923 | G14: =B14+E14 -> 0.97122135
A15: 11 | B15: =Results!B13 -> 1.0392157 | C15: =Results!D13 -> 1.3363599 | D15: =Results!E13 -> 255 | E15: =CONFIDENCE(0.05, C15, D15) -> 0.16402174 | F15: =B15-E15 -> 0.87519394 | G15: =B15+E15 -> 1.2032374
A16: 12 | B16: =Results!B14 -> 1.6862745 | C16: =Results!D14 -> 1.4375476 | D16: =Results!E14 -> 255 | E16: =CONFIDENCE(0.05, C16, D16) -> 0.1764413 | F16: =B16-E16 -> 1.5098332 | G16: =B16+E16 -> 1.8627158
A17: 13 | B17: =Results!B15 -> 1.5254902 | C17: =Results!D15 -> 1.4108471 | D17: =Results!E15 -> 255 | E17: =CONFIDENCE(0.05, C17, D17) -> 0.17316413 | F17: =B17-E17 -> 1.3523261 | G17: =B17+E17 -> 1.6986543
A18: 14 | B18: =Results!B16 -> 1.427451 | C18: =Results!D16 -> 1.4450674 | D18: =Results!E16 -> 255 | E18: =CONFIDENCE(0.05, C18, D18) -> 0.17736426 | F18: =B18-E18 -> 1.2500867 | G18: =B18+E18 -> 1.6048152
A19: 15 | B19: =Results!B17 -> 0.82745098 | C19: =Results!D17 -> 1.458626 | D19: =Results!E17 -> 255 | E19: =CONFIDENCE(0.05, C19, D19) -> 0.17902841 | F19: =B19-E19 -> 0.64842257 | G19: =B19+E19 -> 1.0064794
A20: 16 | B20: =Results!B18 -> 1.4784314 | C20: =Results!D18 -> 1.3940698 | D20: =Results!E18 -> 255 | E20: =CONFIDENCE(0.05, C20, D20) -> 0.17110493 | F20: =B20-E20 -> 1.3073264 | G20: =B20+E20 -> 1.6495363
A21: 17 | B21: =Results!B19 -> 1.5607843 | C21: =Results!D19 -> 1.4564651 | D21: =Results!E19 -> 255 | E21: =CONFIDENCE(0.05, C21, D21) -> 0.17876319 | F21: =B21-E21 -> 1.3820211 | G21: =B21+E21 -> 1.7395475
A22: 18 | B22: =Results!B20 -> 0.82745098 | C22: =Results!D20 -> 1.3077718 | D22: =Results!E20 -> 255 | E22: =CONFIDENCE(0.05, C22, D22) -> 0.16051291 | F22: =B22-E22 -> 0.66693807 | G22: =B22+E22 -> 0.98796389
... A30: 26 | B30: =Results!B28 -> 0.69019608 | C30: =Results!D28 -> 1.4748889 | D30: =Results!E28 -> 255 | E30: =CONFIDENCE(0.05, C30, D30) -> 0.18102448 | F30: =B30-E30 -> 0.5091716 | G30: =B30+E30 -> 0.87122056

Sheet Answer_Distributions
A1: Distribution of Answers per Item Here you can see the distribution of answers to the single items. If there are items that show a polarization in the answers (many negative and many positve judgements and not much neutral judgements) may help to get deeper insigths concerning aspects of the product that are experienced as quite positive by one subgroup of participants and quite negative by another subgroup.
A2: Nr | B2: Item | C2: 1 | D2: 2 | E2: 3 | F2: 4 | G2: 5 | H2: 6 | I2: 7 | J2: Scale
A3: 1 | B3: =_xlfn.CONCAT(Results!F3,"/",Results!G3) -> annoying/enjoyable | C3: =COUNTIF(DT!A4:A1004,"-3") -> 2 | D3: =COUNTIF(DT!A4:A1004,"-2") -> 12 | E3: =COUNTIF(DT!A4:A1004,"-1") -> 10 | F3: =COUNTIF(DT!A4:A1004,"0") -> 17 | G3: =COUNTIF(DT!A4:A1004,"1") -> 55 | H3: =COUNTIF(DT!A4:A1004,"2") -> 91 | I3: =COUNTIF(DT!A4:A1004,"3") -> 68 | J3: =Results!H3 -> Attractiveness
A4: 2 | B4: =_xlfn.CONCAT(Results!F4,"/",Results!G4) -> not understandable/understandable | C4: =COUNTIF(DT!B4:B1004,"-3") -> 3 | D4: =COUNTIF(DT!B4:B1004,"-2") -> 7 | E4: =COUNTIF(DT!B4:B1004,"-1") -> 7 | F4: =COUNTIF(DT!B4:B1004,"0") -> 12 | G4: =COUNTIF(DT!B4:B1004,"1") -> 42 | H4: =COUNTIF(DT!B4:B1004,"2") -> 83 | I4: =COUNTIF(DT!B4:B1004,"3") -> 101 | J4: =Results!H4 -> Perspicuity
A5: 3 | B5: =_xlfn.CONCAT(Results!G5,"/",Results!F5) -> dull/creative | C5: =COUNTIF(DT!C4:C1004,"-3") -> 7 | D5: =COUNTIF(DT!C4:C1004,"-2") -> 12 | E5: =COUNTIF(DT!C4:C1004,"-1") -> 27 | F5: =COUNTIF(DT!C4:C1004,"0") -> 65 | G5: =COUNTIF(DT!C4:C1004,"1") -> 54 | H5: =COUNTIF(DT!C4:C1004,"2") -> 51 | I5: =COUNTIF(DT!C4:C1004,"3") -> 39 | J5: =Results!H5 -> Novelty
A6: 4 | B6: =_xlfn.CONCAT(Results!G6,"/",Results!F6) -> difficult to learn/easy to learn | C6: =COUNTIF(DT!D4:D1004,"-3") -> 5 | D6: =COUNTIF(DT!D4:D1004,"-2") -> 12 | E6: =COUNTIF(DT!D4:D1004,"-1") -> 30 | F6: =COUNTIF(DT!D4:D1004,"0") -> 10 | G6: =COUNTIF(DT!D4:D1004,"1") -> 31 | H6: =COUNTIF(DT!D4:D1004,"2") -> 84 | I6: =COUNTIF(DT!D4:D1004,"3") -> 83 | J6: =Results!H6 -> Perspicuity
A7: 5 | B7: =_xlfn.CONCAT(Results!G7,"/",Results!F7) -> inferior/valuable | C7: =COUNTIF(DT!E4:E1004,"-3") -> 4 | D7: =COUNTIF(DT!E4:E1004,"-2") -> 11 | E7: =COUNTIF(DT!E4:E1004,"-1") -> 13 | F7: =COUNTIF(DT!E4:E1004,"0") -> 27 | G7: =COUNTIF(DT!E4:E1004,"1") -> 45 | H7: =COUNTIF(DT!E4:E1004,"2") -> 81 | I7: =COUNTIF(DT!E4:E1004,"3") -> 74 | J7: =Results!H7 -> Stimulation
A8: 6 | B8: =_xlfn.CONCAT(Results!F8,"/",Results!G8) -> boring/exciting | C8: =COUNTIF(DT!F4:F1004,"-3") -> 2 | D8: =COUNTIF(DT!F4:F1004,"-2") -> 8 | E8: =COUNTIF(DT!F4:F1004,"-1") -> 14 | F8: =COUNTIF(DT!F4:F1004,"0") -> 70 | G8: =COUNTIF(DT!F4:F1004,"1") -> 66 | H8: =COUNTIF(DT!F4:F1004,"2") -> 63 | I8: =COUNTIF(DT!F4:F1004,"3") -> 32 | J8: =Results!H8 -> Stimulation
A9: 7 | B9: =_xlfn.CONCAT(Results!F9,"/",Results!G9) -> not interesting/interesting | C9: =COUNTIF(DT!G4:G1004,"-3") -> 2 | D9: =COUNTIF(DT!G4:G1004,"-2") -> 13 | E9: =COUNTIF(DT!G4:G1004,"-1") -> 11 | F9: =COUNTIF(DT!G4:G1004,"0") -> 41 | G9: =COUNTIF(DT!G4:G1004,"1") -> 63 | H9: =COUNTIF(DT!G4:G1004,"2") -> 82 | I9: =COUNTIF(DT!G4:G1004,"3") -> 43 | J9: =Results!H9 -> Stimulation
A10: 8 | B10: =_xlfn.CONCAT(Results!F10,"/",Results!G10) -> unpredictable/predictable | C10: =COUNTIF(DT!H4:H1004,"-3") -> 5 | D10: =COUNTIF(DT!H4:H1004,"-2") -> 7 | E10: =COUNTIF(DT!H4:H1004,"-1") -> 33 | F10: =COUNTIF(DT!H4:H1004,"0") -> 84 | G10: =COUNTIF(DT!H4:H1004,"1") -> 51 | H10: =COUNTIF(DT!H4:H1004,"2") -> 55 | I10: =COUNTIF(DT!H4:H1004,"3") -> 20 | J10: =Results!H10 -> Dependability
A11: 9 | B11: =_xlfn.CONCAT(Results!G11,"/",Results!F11) -> slow/fast | C11: =COUNTIF(DT!I4:I1004,"-3") -> 2 | D11: =COUNTIF(DT!I4:I1004,"-2") -> 7 | E11: =COUNTIF(DT!I4:I1004,"-1") -> 19 | F11: =COUNTIF(DT!I4:I1004,"0") -> 27 | G11: =COUNTIF(DT!I4:I1004,"1") -> 49 | H11: =COUNTIF(DT!I4:I1004,"2") -> 98 | I11: =COUNTIF(DT!I4:I1004,"3") -> 53 | J11: =Results!H11 -> Efficiency
A12: 10 | B12: =_xlfn.CONCAT(Results!G12,"/",Results!F12) -> conventional/inventive | C12: =COUNTIF(DT!J4:J1004,"-3") -> 6 | D12: =COUNTIF(DT!J4:J1004,"-2") -> 14 | E12: =COUNTIF(DT!J4:J1004,"-1") -> 28 | F12: =COUNTIF(DT!J4:J1004,"0") -> 55 | G12: =COUNTIF(DT!J4:J1004,"1") -> 61 | H12: =COUNTIF(DT!J4:J1004,"2") -> 59 | I12: =COUNTIF(DT!J4:J1004,"3") -> 32 | J12: =Results!H12 -> Novelty
A13: 11 | B13: =_xlfn.CONCAT(Results!F13,"/",Results!G13) -> obstructive/supportive | C13: =COUNTIF(DT!K4:K1004,"-3") -> 2 | D13: =COUNTIF(DT!K4:K1004,"-2") -> 9 | E13: =COUNTIF(DT!K4:K1004,"-1") -> 15 | F13: =COUNTIF(DT!K4:K1004,"0") -> 64 | G13: =COUNTIF(DT!K4:K1004,"1") -> 65 | H13: =COUNTIF(DT!K4:K1004,"2") -> 61 | I13: =COUNTIF(DT!K4:K1004,"3") -> 39 | J13: =Results!H13 -> Dependability
A14: 12 | B14: =_xlfn.CONCAT(Results!G14,"/",Results!F14) -> bad/good | C14: =COUNTIF(DT!L4:L1004,"-3") -> 3 | D14: =COUNTIF(DT!L4:L1004,"-2") -> 10 | E14: =COUNTIF(DT!L4:L1004,"-1") -> 12 | F14: =COUNTIF(DT!L4:L1004,"0") -> 20 | G14: =COUNTIF(DT!L4:L1004,"1") -> 38 | H14: =COUNTIF(DT!L4:L1004,"2") -> 83 | I14: =COUNTIF(DT!L4:L1004,"3") -> 89 | J14: =Results!H14 -> Attractiveness
A15: 13 | B15: =_xlfn.CONCAT(Results!F15,"/",Results!G15) -> complicated/easy | C15: =COUNTIF(DT!M4:M1004,"-3") -> 3 | D15: =COUNTIF(DT!M4:M1004,"-2") -> 9 | E15: =COUNTIF(DT!M4:M1004,"-1") -> 15 | F15: =COUNTIF(DT!M4:M1004,"0") -> 22 | G15: =COUNTIF(DT!M4:M1004,"1") -> 51 | H15: =COUNTIF(DT!M4:M1004,"2") -> 85 | I15: =COUNTIF(DT!M4:M1004,"3") -> 70 | J15: =Results!H15 -> Perspicuity
A16: 14 | B16: =_xlfn.CONCAT(Results!F16,"/",Results!G16) -> unlikable/pleasing | C16: =COUNTIF(DT!N4:N1004,"-3") -> 6 | D16: =COUNTIF(DT!N4:N1004,"-2") -> 11 | E16: =COUNTIF(DT!N4:N1004,"-1") -> 10 | F16: =COUNTIF(DT!N4:N1004,"0") -> 18 | G16: =COUNTIF(DT!N4:N1004,"1") -> 66 | H16: =COUNTIF(DT!N4:N1004,"2") -> 84 | I16: =COUNTIF(DT!N4:N1004,"3") -> 60 | J16: =Results!H16 -> Attractiveness
A17: 15 | B17: =_xlfn.CONCAT(Results!F17,"/",Results!G17) -> usual/leading edge | C17: =COUNTIF(DT!O4:O1004,"-3") -> 6 | D17: =COUNTIF(DT!O4:O1004,"-2") -> 17 | E17: =COUNTIF(DT!O4:O1004,"-1") -> 21 | F17: =COUNTIF(DT!O4:O1004,"0") -> 47 | G17: =COUNTIF(DT!O4:O1004,"1") -> 68 | H17: =COUNTIF(DT!O4:O1004,"2") -> 72 | I17: =COUNTIF(DT!O4:O1004,"3") -> 24 | J17: =Results!H17 -> Novelty
A18: 16 | B18: =_xlfn.CONCAT(Results!F18,"/",Results!G18) -> unpleasant/pleasant | C18: =COUNTIF(DT!P4:P1004,"-3") -> 4 | D18: =COUNTIF(DT!P4:P1004,"-2") -> 10 | E18: =COUNTIF(DT!P4:P1004,"-1") -> 10 | F18: =COUNTIF(DT!P4:P1004,"0") -> 22 | G18: =COUNTIF(DT!P4:P1004,"1") -> 62 | H18: =COUNTIF(DT!P4:P1004,"2") -> 84 | I18: =COUNTIF(DT!P4:P1004,"3") -> 63 | J18: =Results!H18 -> Attractiveness
A19: 17 | B19: =_xlfn.CONCAT(Results!G19,"/",Results!F19) -> not secure/secure | C19: =COUNTIF(DT!Q4:Q1004,"-3") -> 3 | D19: =COUNTIF(DT!Q4:Q1004,"-2") -> 13 | E19: =COUNTIF(DT!Q4:Q1004,"-1") -> 13 | F19: =COUNTIF(DT!Q4:Q1004,"0") -> 19 | G19: =COUNTIF(DT!Q4:Q1004,"1") -> 40 | H19: =COUNTIF(DT!Q4:Q1004,"2") -> 95 | I19: =COUNTIF(DT!Q4:Q1004,"3") -> 72 | J19: =Results!H19 -> Dependability
A20: 18 | B20: =_xlfn.CONCAT(Results!G20,"/",Results!F20) -> demotivating/motivating | C20: =COUNTIF(DT!R4:R1004,"-3") -> 4 | D20: =COUNTIF(DT!R4:R1004,"-2") -> 8 | E20: =COUNTIF(DT!R4:R1004,"-1") -> 15 | F20: =COUNTIF(DT!R4:R1004,"0") -> 82 | G20: =COUNTIF(DT!R4:R1004,"1") -> 66 | H20: =COUNTIF(DT!R4:R1004,"2") -> 52 | I20: =COUNTIF(DT!R4:R1004,"3") -> 28 | J20: =Results!H20 -> Stimulation
A21: 19 | B21: =_xlfn.CONCAT(Results!G21,"/",Results!F21) -> does not meet expectations/meets expectations | C21: =COUNTIF(DT!S4:S1004,"-3") -> 3 | D21: =COUNTIF(DT!S4:S1004,"-2") -> 10 | E21: =COUNTIF(DT!S4:S1004,"-1") -> 9 | F21: =COUNTIF(DT!S4:S1004,"0") -> 16 | G21: =COUNTIF(DT!S4:S1004,"1") -> 30 | H21: =COUNTIF(DT!S4:S1004,"2") -> 107 | I21: =COUNTIF(DT!S4:S1004,"3") -> 80 | J21: =Results!H21 -> Dependability
A22: 20 | B22: =_xlfn.CONCAT(Results!F22,"/",Results!G22) -> inefficient/efficient | C22: =COUNTIF(DT!T4:T1004,"-3") -> 3 | D22: =COUNTIF(DT!T4:T1004,"-2") -> 8 | E22: =COUNTIF(DT!T4:T1004,"-1") -> 9 | F22: =COUNTIF(DT!T4:T1004,"0") -> 14 | G22: =COUNTIF(DT!T4:T1004,"1") -> 46 | H22: =COUNTIF(DT!T4:T1004,"2") -> 93 | I22: =COUNTIF(DT!T4:T1004,"3") -> 82 | J22: =Results!H22 -> Efficiency
A23: 21 | B23: =_xlfn.CONCAT(Results!G23,"/",Results!F23) -> confusing/clear | C23: =COUNTIF(DT!U4:U1004,"-3") -> 4 | D23: =COUNTIF(DT!U4:U1004,"-2") -> 8 | E23: =COUNTIF(DT!U4:U1004,"-1") -> 12 | F23: =COUNTIF(DT!U4:U1004,"0") -> 15 | G23: =COUNTIF(DT!U4:U1004,"1") -> 46 | H23: =COUNTIF(DT!U4:U1004,"2") -> 90 | I23: =COUNTIF(DT!U4:U1004,"3") -> 80 | J23: =Results!H23 -> Perspicuity
A24: 22 | B24: =_xlfn.CONCAT(Results!F24,"/",Results!G24) -> impractical/practical | C24: =COUNTIF(DT!V4:V1004,"-3") -> 0 | D24: =COUNTIF(DT!V4:V1004,"-2") -> 6 | E24: =COUNTIF(DT!V4:V1004,"-1") -> 4 | F24: =COUNTIF(DT!V4:V1004,"0") -> 17 | G24: =COUNTIF(DT!V4:V1004,"1") -> 32 | H24: =COUNTIF(DT!V4:V1004,"2") -> 112 | I24: =COUNTIF(DT!V4:V1004,"3") -> 84 | J24: =Results!H24 -> Efficiency
A25: 23 | B25: =_xlfn.CONCAT(Results!G25,"/",Results!F25) -> cluttered/organized | C25: =COUNTIF(DT!W4:W1004,"-3") -> 4 | D25: =COUNTIF(DT!W4:W1004,"-2") -> 14 | E25: =COUNTIF(DT!W4:W1004,"-1") -> 25 | F25: =COUNTIF(DT!W4:W1004,"0") -> 24 | G25: =COUNTIF(DT!W4:W1004,"1") -> 46 | H25: =COUNTIF(DT!W4:W1004,"2") -> 69 | I25: =COUNTIF(DT!W4:W1004,"3") -> 73 | J25: =Results!H25 -> Efficiency
A26: 24 | B26: =_xlfn.CONCAT(Results!G26,"/",Results!F26) -> unattractive/attractive | C26: =COUNTIF(DT!X4:X1004,"-3") -> 1 | D26: =COUNTIF(DT!X4:X1004,"-2") -> 8 | E26: =COUNTIF(DT!X4:X1004,"-1") -> 19 | F26: =COUNTIF(DT!X4:X1004,"0") -> 44 | G26: =COUNTIF(DT!X4:X1004,"1") -> 69 | H26: =COUNTIF(DT!X4:X1004,"2") -> 66 | I26: =COUNTIF(DT!X4:X1004,"3") -> 48 | J26: =Results!H26 -> Attractiveness
A27: 25 | B27: =_xlfn.CONCAT(Results!G27,"/",Results!F27) -> unfriendly/friendly | C27: =COUNTIF(DT!Y4:Y1004,"-3") -> 2 | D27: =COUNTIF(DT!Y4:Y1004,"-2") -> 7 | E27: =COUNTIF(DT!Y4:Y1004,"-1") -> 8 | F27: =COUNTIF(DT!Y4:Y1004,"0") -> 41 | G27: =COUNTIF(DT!Y4:Y1004,"1") -> 57 | H27: =COUNTIF(DT!Y4:Y1004,"2") -> 74 | I27: =COUNTIF(DT!Y4:Y1004,"3") -> 66 | J27: =Results!H27 -> Attractiveness
A28: 26 | B28: =_xlfn.CONCAT(Results!F28,"/",Results!G28) -> conservative/innovative | C28: =COUNTIF(DT!Z4:Z1004,"-3") -> 11 | D28: =COUNTIF(DT!Z4:Z1004,"-2") -> 10 | E28: =COUNTIF(DT!Z4:Z1004,"-1") -> 23 | F28: =COUNTIF(DT!Z4:Z1004,"0") -> 69 | G28: =COUNTIF(DT!Z4:Z1004,"1") -> 52 | H28: =COUNTIF(DT!Z4:Z1004,"2") -> 70 | I28: =COUNTIF(DT!Z4:Z1004,"3") -> 20 | J28: =Results!H28 -> Novelty

Sheet Scale_Consistency
A1: Correlations of the items per scale and reliability coefficients Items that belong to the same scale should show in general a high correaltion. Here you can find the correaltions of the items in a scale and some common coefficients, Cronbachs Alpha and Guttmans Lambda2, that are typically used to estimate reliability of a scale.
A3: Cronbachs Alpha-Coefficient The Alpha-Coefficient (Cronbach, 1951) is a measure for the consistency of a scale. There is no generally accepted rule how big the value of the coefficient should be. Many authors assume that a scale should show an alpha value > 0.7 to be considered as sufficiently consistent, but these suggestions are more rules-of-thumb and not based on some sound statistical facts. Thus, from an methodological standpoint such a use of a cut-off criterium is not really well-founded (see for example Schmitt, N., 1996). Especially if you have only a small sample (for example less than 50 answers) the value of the Alpha-Coefficient should be interpreted very carefully. In such cases a low Alpha can result from sampling errors and may not be an indicator for a problem with the scale. If the value of the Alpha-Coefficient for a scale shows a massive deviation from a reasonable target value, for example 0.6 or 0.7, this can be a hint that some items of the scale are in the given context interpreted by several participants in an unexpected way. In such cases please check the single item scores and correlations between the items. This can give a hint if there is maybe a common misinterpretation of an item due to the context of the evaluation. In such cases the corresponding scale should be interpreted very carefully. The 5% confidence interval for the Alpha coefficient is calculated accordingly to Bonett, D.B. (2002), Sample Size Requirements for Testing and Estimating Coefficient Alpha, Journal of Educational and Behavioral Statistics, 27(4), 335-340.
A5: =VLOOKUP(Read_First!B5,Items!A1:BI50,54,FALSE) -> Attractiveness | D5: =VLOOKUP(Read_First!B5,Items!A1:BI50,55,FALSE) -> Perspicuity | G5: =VLOOKUP(Read_First!B5,Items!A1:BI50,56,FALSE) -> Efficiency | J5: =VLOOKUP(Read_First!B5,Items!A1:BI50,57,FALSE) -> Dependability | M5: =VLOOKUP(Read_First!B5,Items!A1:BI50,58,FALSE) -> Stimulation | P5: =VLOOKUP(Read_First!B5,Items!A1:BI50,59,FALSE) -> Novelty
A6: Items | B6: Correlation | D6: Items | E6: Correlation | G6: Items | H6: Correlation | J6: Items | K6: Correlation | M6: Items | N6: Correlation | P6: Items | Q6: Correlation
A7: 1, 12 | B7: =CORREL(DT!A4:A1004,DT!L4:L1004) -> 0.5455343 | D7: 2, 4 | E7: =CORREL(DT!B4:B1004,DT!D4:D1004) -> 0.49187407 | G7: 9, 20 | H7: =CORREL(DT!I4:I1004,DT!T4:T1004) -> 0.51013071 | J7: 8, 11 | K7: =CORREL(DT!H4:H1004,DT!K4:K1004) -> 0.032398039 | M7: 5, 6 | N7: =CORREL(DT!E4:E1004,DT!F4:F1004) -> 0.3483554 | P7: 3, 10 | Q7: =CORREL(DT!C4:C1004,DT!J4:J1004) -> 0.4815155
A8: 1, 14 | B8: =CORREL(DT!A4:A1004,DT!N4:N1004) -> 0.5920073 | D8: 2, 13 | E8: =CORREL(DT!B4:B1004,DT!M4:M1004) -> 0.57021184 | G8: 9, 22 | H8: =CORREL(DT!I4:I1004,DT!V4:V1004) -> 0.41438427 | J8: 8, 17 | K8: =CORREL(DT!H4:H1004,DT!Q4:Q1004) -> 0.031881841 | M8: 5, 7 | N8: =CORREL(DT!E4:E1004,DT!G4:G1004) -> 0.42849803 | P8: 3, 15 | Q8: =CORREL(DT!C4:C1004,DT!O4:O1004) -> 0.32746695
A9: 1, 16 | B9: =CORREL(DT!A4:A1004,DT!P4:P1004) -> 0.58594295 | D9: 2, 21 | E9: =CORREL(DT!B4:B1004,DT!U4:U1004) -> 0.48897072 | G9: 9, 23 | H9: =CORREL(DT!I4:I1004,DT!W4:W1004) -> 0.30422899 | J9: 8, 19 | K9: =CORREL(DT!H4:H1004,DT!S4:S1004) -> 0.0083848045 | M9: 5, 18 | N9: =CORREL(DT!E4:E1004,DT!R4:R1004) -> 0.39058706 | P9: 3, 26 | Q9: =CORREL(DT!C4:C1004,DT!Z4:Z1004) -> 0.1600507
A10: 1, 24 | B10: =CORREL(DT!A4:A1004,DT!X4:X1004) -> 0.50930841 | D10: 4, 13 | E10: =CORREL(DT!D4:D1004,DT!M4:M1004) -> 0.45892685 | G10: 20, 22 | H10: =CORREL(DT!T4:T1004,DT!V4:V1004) -> 0.63798564 | J10: 11, 17 | K10: =CORREL(DT!K4:K1004,DT!Q4:Q1004) -> 0.34263843 | M10: 6, 7 | N10: =CORREL(DT!F4:F1004,DT!G4:G1004) -> 0.79557391 | P10: 10, 15 | Q10: =CORREL(DT!J4:J1004,DT!O4:O1004) -> 0.43754957
A11: 1, 25 | B11: =CORREL(DT!A4:A1004,DT!Y4:Y1004) -> 0.5278913 | D11: 4 , 21 | E11: =CORREL(DT!D4:D1004,DT!U4:U1004) -> 0.50918924 | G11: 20, 23 | H11: =CORREL(DT!T4:T1004,DT!W4:W1004) -> 0.55033907 | J11: 11, 19 | K11: =CORREL(DT!K4:K1004,DT!S4:S1004) -> 0.43891926 | M11: 6, 18 | N11: =CORREL(DT!F4:F1004,DT!R4:R1004) -> 0.47817202 | P11: 10, 26 | Q11: =CORREL(DT!J4:J1004,DT!Z4:Z1004) -> 0.38722594
A12: 12, 14 | B12: =CORREL(DT!L4:L1004,DT!N4:N1004) -> 0.71675867 | D12: 13, 21 | E12: =CORREL(DT!M4:M1004,DT!U4:U1004) -> 0.50235751 | G12: 22, 23 | H12: =CORREL(DT!V4:V1004,DT!W4:W1004) -> 0.44256026 | J12: 17, 19 | K12: =CORREL(DT!Q4:Q1004,DT!S4:S1004) -> 0.60730329 | M12: 7, 18 | N12: =CORREL(DT!G4:G1004,DT!R4:R1004) -> 0.44919932 | P12: 15, 26 | Q12: =CORREL(DT!O4:O1004,DT!Z4:Z1004) -> 0.42707632
A13: 12, 16 | B13: =CORREL(DT!L4:L1004,DT!P4:P1004) -> 0.66455174 | D13: Average | E13: =AVERAGE(E7:E12) -> 0.50358837 | G13: Average | H13: =AVERAGE(H7:H12) -> 0.47660482 | J13: Average | K13: =AVERAGE(K7:K12) -> 0.24358761 | M13: Average | N13: =AVERAGE(N7:N12) -> 0.48173096 | P13: Average | Q13: =AVERAGE(Q7:Q12) -> 0.37014749
A14: 12, 24 | B14: =CORREL(DT!L4:L1004,DT!X4:X1004) -> 0.59174595 | D14: Alpha | E14: =(4*E13)/(1+(3*E13)) -> 0.80228671 | G14: Alpha | H14: =(4*H13)/(1+(3*H13)) -> 0.78459459 | J14: Alpha | K14: =(4*K13)/(1+(3*K13)) -> 0.56296011 | M14: Alpha | N14: =(4*N13)/(1+(3*N13)) -> 0.78804574 | P14: Alpha | Q14: =(4*Q13)/(1+(3*Q13)) -> 0.70155429
A15: 12, 25 | B15: =CORREL(DT!L4:L1004,DT!Y4:Y1004) -> 0.66627499 | D15: Conf. Int. Alpha (5%) | E15: =1-EXP(LN(1-E14)+1.96*SQRT(8/(3*(Results!E3-2)))) -> 0.75821664 | G15: Conf. Int. Alpha (5%) | H15: =1-EXP(LN(1-H14)+1.96*SQRT(8/(3*(Results!E3-2)))) -> 0.73658096 | J15: Conf. Int. Alpha (5%) | K15: =1-EXP(LN(1-K14)+1.96*SQRT(8/(3*(Results!E3-2)))) -> 0.46554441 | M15: Conf. Int. Alpha (5%) | N15: =1-EXP(LN(1-N14)+1.96*SQRT(8/(3*(Results!E3-2)))) -> 0.74080137 | P15: Conf. Int. Alpha (5%) | Q15: =1-EXP(LN(1-Q14)+1.96*SQRT(8/(3*(Results!E3-2)))) -> 0.63503107
A16: 14, 16 | B16: =CORREL(DT!N4:N1004,DT!P4:P1004) -> 0.793159 | E16: =1-EXP(LN(1-E14)-1.96*SQRT(8/(3*(Results!E3-2)))) -> 0.83832409 | H16: =1-EXP(LN(1-H14)-1.96*SQRT(8/(3*(Results!E3-2)))) -> 0.82385673 | K16: =1-EXP(LN(1-K14)-1.96*SQRT(8/(3*(Results!E3-2)))) -> 0.64261977 | N16: =1-EXP(LN(1-N14)-1.96*SQRT(8/(3*(Results!E3-2)))) -> 0.82667884 | Q16: =1-EXP(LN(1-Q14)-1.96*SQRT(8/(3*(Results!E3-2)))) -> 0.75595226
A17: 14, 24 | B17: =CORREL(DT!N4:N1004,DT!X4:X1004) -> 0.58553081
A18: 14, 25 | B18: =CORREL(DT!N4:N1004,DT!Y4:Y1004) -> 0.64859277
A19: 16, 24 | B19: =CORREL(DT!P4:P1004,DT!X4:X1004) -> 0.47059308
A20: 16, 25 | B20: =CORREL(DT!P4:P1004,DT!Y4:Y1004) -> 0.59140139
A21: 24, 25 | B21: =CORREL(DT!X4:X1004,DT!Y4:Y1004) -> 0.71947637
A22: Average | B22: =AVERAGE(B7:B21) -> 0.61391793
A23: Alpha | B23: =(6*B22)/(1+(5*B22)) -> 0.90512998
A24: Conf. Int. Alpha (5%) | B24: =1-EXP(LN(1-B23)+1.96*SQRT(12/(5*(Results!E3-2)))) -> 0.88517539
B25: =1-EXP(LN(1-B23)-1.96*SQRT(12/(5*(Results!E3-2)))) -> 0.92161679
A27: Guttmans Lambda2 coefficient Another coefficient often reported as a measure of reliability of a scale is Guttmans Lambda2 coefficient. Lambda2 is a better approximation of reliability than Cronbach's Alpha (both are a lower bound for the real reliability of a scale). The coefficient Lambda1 also computed here is mainly needed for computing Lambda2. NOTE: Theoretically, Lambda2 is higher than Alpha, but due to some rounding errors in the computation, it can happen that the Excel-Sheet shows some violations of this!
A29: =VLOOKUP(Read_First!B5,Items!A1:BI50,54,FALSE) -> Attractiveness | D29: =VLOOKUP(Read_First!B5,Items!A1:BI50,55,FALSE) -> Perspicuity | G29: =VLOOKUP(Read_First!B5,Items!A1:BI50,56,FALSE) -> Efficiency | J29: =VLOOKUP(Read_First!B5,Items!A1:BI50,57,FALSE) -> Dependability | M29: =VLOOKUP(Read_First!B5,Items!A1:BI5,58,FALSE) -> Stimulation | P29: =VLOOKUP(Read_First!B5,Items!A1:BI55,59,FALSE) -> Novelty
A30: Lambda1 | B30: =1-((Results!C3+Results!C14+Results!C16+Results!C18+Results!C26+Results!C27)/(36*(Results!M3))) -> 0.75450952 | D30: Lambda1 | E30: =1-((Results!C4+Results!C6+Results!C15+Results!C23)/(16*(Results!M4))) -> 0.59880323 | G30: Lambda1 | H30: =1-((Results!C11+Results!C22+Results!C24+Results!C25)/(16*(Results!M5))) -> 0.58000692 | J30: Lambda1 | K30: =1-((Results!C10+Results!C13+Results!C19+Results!C21)/(16*(Results!M6))) -> 0.42608946 | M30: Lambda1 | N30: =1-((Results!C7+Results!C8+Results!C9+Results!C20)/(16*(Results!M7))) -> 0.58780361 | P30: Lambda1 | Q30: =1-((Results!C5+Results!C12+Results!C17+Results!C28)/(16*(Results!M8))) -> 0.52572097
A32: Items | B32: Covar^2 | D32: Items | E32: Covar^2 | G32: Items | H32: Covar^2 | J32: Items | K32: Covar^2 | M32: Items | N32: Covar^2 | P32: Items | Q32: Covar^2
A33: 1, 12 | B33: =COVAR(DT!A4:A1004,DT!L4:L1004)^2 -> 1.1445133 | D33: 2, 4 | E33: =_xlfn.COVARIANCE.S(DT!B4:B1004,DT!D4:D1004)^2 -> 1.1058258 | G33: 9, 20 | H33: =COVAR(DT!I4:I1004,DT!T4:T1004)^2 -> 0.83110457 | J33: 8, 11 | K33: =COVAR(DT!H4:H1004,DT!K4:K1004)^2 -> 0.0033525035 | M33: 5, 6 | N33: =COVAR(DT!E4:E1004,DT!F4:F1004)^2 -> 0.43660542 | P33: 3, 10 | Q33: =COVAR(DT!C4:C1004,DT!J4:J1004)^2 -> 1.1848084
A34: 1, 14 | B34: =COVAR(DT!A4:A1004,DT!N4:N1004)^2 -> 1.3619545 | D34: 2, 13 | E34: =_xlfn.COVARIANCE.S(DT!B4:B1004,DT!M4:M1004)^2 -> 1.1152625 | G34: 9, 22 | H34: =COVAR(DT!I4:I1004,DT!V4:V1004)^2 -> 0.38277128 | J34: 8, 17 | K34: =COVAR(DT!H4:H1004,DT!Q4:Q1004)^2 -> 0.0038563097 | M34: 5, 7 | N34: =COVAR(DT!E4:E1004,DT!G4:G1004)^2 -> 0.74509884 | P34: 3, 15 | Q34: =COVAR(DT!C4:C1004,DT!O4:O1004)^2 -> 0.52453013
A35: 1, 16 | B35: =COVAR(DT!A4:A1004,DT!P4:P1004)^2 -> 1.2416865 | D35: 2, 21 | E35: =_xlfn.COVARIANCE.S(DT!B4:B1004,DT!U4:U1004)^2 -> 0.80185015 | G35: 9, 23 | H35: =COVAR(DT!I4:I1004,DT!W4:W1004)^2 -> 0.42477719 | J35: 8, 19 | K35: =COVAR(DT!H4:H1004,DT!S4:S1004)^2 -> 0.00023461618 | M35: 5, 18 | N35: =COVAR(DT!E4:E1004,DT!R4:R1004)^2 -> 0.56641104 | P35: 3, 26 | Q35: =COVAR(DT!C4:C1004,DT!Z4:Z1004)^2 -> 0.1281095
A36: 1, 24 | B36: =COVAR(DT!A4:A1004,DT!X4:X1004)^2 -> 0.86546503 | D36: 4, 13 | E36: =_xlfn.COVARIANCE.S(DT!D4:D1004,DT!M4:M1004)^2 -> 1.1119388 | G36: 20, 22 | H36: =COVAR(DT!T4:T1004,DT!V4:V1004)^2 -> 0.88833343 | J36: 11, 17 | K36: =COVAR(DT!K4:K1004,DT!Q4:Q1004)^2 -> 0.44127186 | M36: 6, 7 | N36: =COVAR(DT!F4:F1004,DT!G4:G1004)^2 -> 1.9455584 | P36: 10, 15 | Q36: =COVAR(DT!J4:J1004,DT!O4:O1004)^2 -> 0.89827543
A37: 1, 25 | B37: =COVAR(DT!A4:A1004,DT!Y4:Y1004)^2 -> 0.91779494 | D37: 4 , 21 | E37: =_xlfn.COVARIANCE.S(DT!D4:D1004,DT!U4:U1004)^2 -> 1.3383671 | G37: 20, 23 | H37: =COVAR(DT!T4:T1004,DT!W4:W1004)^2 -> 1.3609496 | J37: 11, 19 | K37: =COVAR(DT!K4:K1004,DT!S4:S1004)^2 -> 0.63692796 | M37: 6, 18 | N37: =COVAR(DT!F4:F1004,DT!R4:R1004)^2 -> 0.64303011 | P37: 10, 26 | Q37: =COVAR(DT!J4:J1004,DT!Z4:Z1004)^2 -> 0.71930746
A38: 12, 14 | B38: =COVAR(DT!L4:L1004,DT!N4:N1004)^2 -> 2.1996505 | D38: 13, 21 | E38: =_xlfn.COVARIANCE.S(DT!M4:M1004,DT!U4:U1004)^2 -> 0.97761626 | G38: 22, 23 | H38: =COVAR(DT!V4:V1004,DT!W4:W1004)^2 -> 0.61427988 | J38: 17, 19 | K38: =COVAR(DT!Q4:Q1004,DT!S4:S1004)^2 -> 1.4483905 | M38: 7, 18 | N38: =COVAR(DT!G4:G1004,DT!R4:R1004)^2 -> 0.64004921 | P38: 15, 26 | Q38: =COVAR(DT!O4:O1004,DT!Z4:Z1004)^2 -> 0.83753812
A39: 12, 16 | B39: =COVAR(DT!L4:L1004,DT!P4:P1004)^2 -> 1.7597792 | D39: Sum | E39: =SUM(E33:E38) -> 6.4508607 | G39: Sum | H39: =SUM(H33:H38) -> 4.502216 | J39: Sum | K39: =SUM(K33:K38) -> 2.5340337 | M39: Sum | N39: =SUM(N33:N38) -> 4.976753 | P39: Sum | Q39: =SUM(Q33:Q38) -> 4.292569
A40: 12, 24 | B40: =COVAR(DT!L4:L1004,DT!X4:X1004)^2 -> 1.2872346 | D40: Lambda2 | E40: =E30+SQRT((4/3)*2*E39)/(16*(Results!M4)) -> 0.79898788 | G40: Lambda2 | H40: =H30+SQRT((4/3)*2*H39)/(16*(Results!M5)) -> 0.77723193 | J40: Lambda2 | K40: =K30+SQRT((4/3)*2*K39)/(16*(Results!M6)) -> 0.62302115 | M40: Lambda2 | N40: =N30+SQRT((4/3)*2*N39)/(16*(Results!M7)) -> 0.79004492 | P40: Lambda2 | Q40: =Q30+SQRT((4/3)*2*Q39)/(16*(Results!M8)) -> 0.70718425
A41: 12, 25 | B41: =COVAR(DT!L4:L1004,DT!Y4:Y1004)^2 -> 1.6108792
A42: 14, 16 | B42: =COVAR(DT!N4:N1004,DT!P4:P1004)^2 -> 2.5331029
A43: 14, 24 | B43: =COVAR(DT!N4:N1004,DT!X4:X1004)^2 -> 1.2735569
A44: 14, 25 | B44: =COVAR(DT!N4:N1004,DT!Y4:Y1004)^2 -> 1.5425239
A45: 16, 24 | B45: =COVAR(DT!P4:P1004,DT!X4:X1004)^2 -> 0.76560145
A46: 16, 25 | B46: =COVAR(DT!P4:P1004,DT!Y4:Y1004)^2 -> 1.1935626
A47: 24, 25 | B47: =COVAR(DT!X4:X1004,DT!Y4:Y1004)^2 -> 1.6296716
A48: Sum | B48: =SUM(B33:B47) -> 21.326977
A49: Lambda2 | B49: =B30+SQRT((6/5)*2*B48)/(36*(Results!M3)) -> 0.90675007

Sheet Benchmark
A1: Benchmark The measured scale means are set in relation to existing values from a benchmark data set. This data set contains data from 21175 persons from 468 studies concerning different products (business software, web pages, web shops, social networks). The comparison of the results for the evaluated product with the data in the benchmark allows conclusions about the relative quality of the evaluated product compared to other products. Two versions of the benchmark chart are shown. The first one shows just the means scores per scale, the second one shows also the confidence intervals of the scale scores. This is especially helpful to decide how accurate the association of a score to a benchmark category actually is. Please help to increase the data basis for the benchmark! If you use the UEQ to evaluate products it would be quite helpful for us if you will share information concerning the type of product, the number of participants in your study and the scale means. We will of course handle these information absolutely confidential and will use it solely to improve the benchmark.
A2: Scale | B2: Mean | C2: Comparisson to benchmark | D2: Interpretation
A3: =VLOOKUP(Read_First!B5,Items!A1:BI50,54,FALSE) -> Attractiveness | B3: =Results!L3 -> 1.4732026 | C3: =IF(B3>E37,"Excellent",IF(B3>D37,"Good",IF(B3>C37,"Above average",IF(B3>B37,"Below average","Bad")))) -> Above average | D3: =IF(B3>E37,"In the range of the 10% best results",IF(B3>D37,"10% of results better, 75% of results worse",IF(B3>C37,"25% of results better, 50% of results worse",IF(B3>B37,"50% of results better, 25% of results worse","In the range of the 25% worst results")))) -> 25% of results better, 50% of results worse
A4: =VLOOKUP(Read_First!B5,Items!A1:BI50,55,FALSE) -> Perspicuity | B4: =Results!L4 -> 1.6421569 | C4: =IF(B4>E38,"Excellent",IF(B4>D38,"Good",IF(B4>C38,"Above Average",IF(B4>B38,"Below Average","Bad")))) -> Above Average | D4: =IF(B4>E38,"In the range of the 10% best results",IF(B4>D38,"10% of results better, 75% of results worse",IF(B4>C38,"25% of results better, 50% of results worse",IF(B4>B38,"50% of results better, 25% of results worse","In the range of the 25% worst results")))) -> 25% of results better, 50% of results worse
A5: =VLOOKUP(Read_First!B5,Items!A1:BI50,56,FALSE) -> Efficiency | B5: =Results!L5 -> 1.6068627 | C5: =IF(B5>E39,"Excellent",IF(B5>D39,"Good",IF(B5>C39,"Above Average",IF(B5>B39,"Below Average","Bad")))) -> Good | D5: =IF(B5>E39,"In the range of the 10% best results",IF(B5>D39,"10% of results better, 75% of results worse",IF(B5>C39,"25% of results better, 50% of results worse",IF(B5>B39,"50% of results better, 25% of results worse","In the range of the 25% worst results")))) -> 10% of results better, 75% of results worse
A6: =VLOOKUP(Read_First!B5,Items!A1:BI50,57,FALSE) -> Dependability | B6: =Results!L6 -> 1.2431373 | C6: =IF(B6>E40,"Excellent",IF(B6>D40,"Good",IF(B6>C40,"Above Average",IF(B6>B40,"Below Average","Bad")))) -> Above Average | D6: =IF(B6>E40,"In the range of the 10% best results",IF(B6>D40,"10% of results better, 75% of results worse",IF(B6>C40,"25% of results better, 50% of results worse",IF(B6>B40,"50% of results better, 25% of results worse","In the range of the 25% worst results")))) -> 25% of results better, 50% of results worse
A7: =VLOOKUP(Read_First!B5,Items!A1:BI50,58,FALSE) -> Stimulation | B7: =Results!L7 -> 1.1352941 | C7: =IF(B7>E41,"Excellent",IF(B7>D41,"Good",IF(B7>C41,"Above Average",IF(B7>B41,"Below Average","Bad")))) -> Above Average | D7: =IF(B7>E41,"In the range of the 10% best results",IF(B7>D41,"10% of results better, 75% of results worse",IF(B7>C41,"25% of results better, 50% of results worse",IF(B7>B41,"50% of results better, 25% of results worse","In the range of the 25% worst results")))) -> 25% of results better, 50% of results worse
A8: =VLOOKUP(Read_First!B5,Items!A1:BI50,59,FALSE) -> Novelty | B8: =Results!L8 -> 0.77352941 | C8: =IF(B8>E42,"Excellent",IF(B8>D42,"Good",IF(B8>C42,"Above Average",IF(B8>B42,"Below Average","Bad")))) -> Above Average | D8: =IF(B8>E42,"In the range of the 10% best results",IF(B8>D42,"10% of results better, 75% of results worse",IF(B8>C42,"25% of results better, 50% of results worse",IF(B8>B42,"50% of results better, 25% of results worse","In the range of the 25% worst results")))) -> 25% of results better, 50% of results worse
A26: Table to create the benchmark graph (purely technical, please ignore)
A27: Scale | B27: Lower Border | C27: Bad | D27: Below Average | E27: Above Average | F27: Good | G27: Excellent | H27: Mean
A28: =VLOOKUP(Read_First!B5,Items!A1:BI50,54,FALSE) -> Attractiveness | B28: -1 | C28: =B37 -> 0.69 | D28: =C37-B37 -> 0.49 | E28: =D37-C37 -> 0.4 | F28: =E37-D37 -> 0.26 | G28: =2.5-E37 -> 0.66 | H28: =Results!L3 -> 1.4732026
A29: =VLOOKUP(Read_First!B5,Items!A1:BI50,55,FALSE) -> Perspicuity | B29: -1 | C29: =B38 -> 0.72 | D29: =C38-B38 -> 0.48 | E29: =D38-C38 -> 0.53 | F29: =E38-D38 -> 0.27 | G29: =2.5-E38 -> 0.5 | H29: =Results!L4 -> 1.6421569
A30: =VLOOKUP(Read_First!B5,Items!A1:BI50,56,FALSE) -> Efficiency | B30: -1 | C30: =B39 -> 0.6 | D30: =C39-B39 -> 0.45 | E30: =D39-C39 -> 0.45 | F30: =E39-D39 -> 0.38 | G30: =2.5-E39 -> 0.62 | H30: =Results!L5 -> 1.6068627
A31: =VLOOKUP(Read_First!B5,Items!A1:BI50,57,FALSE) -> Dependability | B31: -1 | C31: =B40 -> 0.78 | D31: =C40-B40 -> 0.36 | E31: =D40-C40 -> 0.34 | F31: =E40-D40 -> 0.22 | G31: =2.5-E40 -> 0.8 | H31: =Results!L6 -> 1.2431373
A32: =VLOOKUP(Read_First!B5,Items!A1:BI50,58,FALSE) -> Stimulation | B32: -1 | C32: =B41 -> 0.5 | D32: =C41-B41 -> 0.5 | E32: =D41-C41 -> 0.35 | F32: =E41-D41 -> 0.35 | G32: =2.5-E41 -> 0.8 | H32: =Results!L7 -> 1.1352941
A33: =VLOOKUP(Read_First!B5,Items!A1:BI50,59,FALSE) -> Novelty | B33: -1 | C33: =B42 -> 0.16 | D33: =C42-B42 -> 0.54 | E33: =D42-C42 -> 0.42 | F33: =E42-D42 -> 0.48 | G33: =2.5-E42 -> 0.9 | H33: =Results!L8 -> 0.77352941
A35: Benchmark borders (purely technical, please ignore and do not change)
A36: Scale | B36: 0.25 | C36: 0.5 | D36: 0.75 | E36: 0.9
A37: =VLOOKUP(Read_First!B5,Items!A1:BI50,54,FALSE) -> Attractiveness | B37: 0.69 | C37: 1.18 | D37: 1.58 | E37: 1.84
A38: =VLOOKUP(Read_First!B5,Items!A1:BI50,55,FALSE) -> Perspicuity | B38: 0.72 | C38: 1.2 | D38: 1.73 | E38: 2
A39: =VLOOKUP(Read_First!B5,Items!A1:BI50,56,FALSE) -> Efficiency | B39: 0.6 | C39: 1.05 | D39: 1.5 | E39: 1.88
A40: =VLOOKUP(Read_First!B5,Items!A1:BI50,57,FALSE) -> Dependability | B40: 0.78 | C40: 1.14 | D40: 1.48 | E40: 1.7
A41: =VLOOKUP(Read_First!B5,Items!A1:BI50,58,FALSE) -> Stimulation | B41: 0.5 | C41: 1 | D41: 1.35 | E41: 1.7
A42: =VLOOKUP(Read_First!B5,Items!A1:BI50,59,FALSE) -> Novelty | B42: 0.16 | C42: 0.7 | D42: 1.12 | E42: 1.6

Sheet Inconsistencies
A1: Detect Suspicious Data Especially if the UEQ is applied as an Online-Questionnaire not all participants will answer all items seriously. To detect such suspicious answers, a simple heuristic is used. All items in a scale should measure a similar UX quality aspect. The idea behind the heuristic is to check how much the best and worst evaluation of an item in a scale differs. If there is a big difference (>3) this is seen as an indicator for a problematic data pattern. Of course such situations can also result from random response errors or a misunderstanding of an item. Thus, it makes no sense to delete a response if this occurs just for a single scale. But if this is true for 2 or 3 scales this is of course a clear hint that the response is somehow suspicious. The table below shows the responses coded from -3 to 3. The table next to it shows per scale if the difference is >3 between the best and worst item. The "Critical?" column shows for how many scales this is the case. We suggest to remove answers from the data set that shows a value of 3 or higher in the Critical? column. A second heuristic is added, that is based on the number of identical answers (in the original answer scale in "Data"). If a participant for example crosses for all items the middle category ("4") this can hardly be accepted as a serious response. Such answers are most likely result from an attempt to quickly finish the survey without much thinking. An analysis of several UEQ data sets suggests a heuristic to remove answers that show for more than 15 items the same response. This heuristic is implemented in the Column "Critical Length". See the UEQ handbook for details.
A2: Items | AC2: Scales with inconsistent answers | AK2: Critical length
A3: 1 | B3: 2 | C3: 3 | D3: 4 | E3: 5 | F3: 6 | G3: 7 | H3: 8 | I3: 9 | J3: 10 | K3: 11 | L3: 12 | M3: 13 | N3: 14 | O3: 15 | P3: 16 | Q3: 17 | R3: 18 | S3: 19 | T3: 20 | U3: 21 | V3: 22 | W3: 23 | X3: 24 | Y3: 25 | Z3: 26 | AC3: =VLOOKUP(Read_First!B5,Items!A1:BI50,54,FALSE) -> Attractiveness | AD3: =VLOOKUP(Read_First!B5,Items!A1:BI50,55,FALSE) -> Perspicuity | AE3: =VLOOKUP(Read_First!B5,Items!A1:BI50,56,FALSE) -> Efficiency | AF3: =VLOOKUP(Read_First!B5,Items!A1:BI50,57,FALSE) -> Dependability | AG3: =VLOOKUP(Read_First!B5,Items!A1:BI50,58,FALSE) -> Stimulation | AH3: =VLOOKUP(Read_First!B5,Items!A1:BI50,59,FALSE) -> Novelty | AI3: Critical? | AK3: Same answer for
A4: =IF(Data!A4>0,Data!A4-4,"") -> 2 | B4: =IF(Data!B4>0,Data!B4-4,"") -> 3 | C4: =IF(Data!C4>0,4-Data!C4,"") -> 2 | D4: =IF(Data!D4>0,4-Data!D4,"") -> 3 | E4: =IF(Data!E4>0,4-Data!E4,"") -> 2 | F4: =IF(Data!F4>0,Data!F4-4,"") -> 2 | G4: =IF(Data!G4>0,Data!G4-4,"") -> 2 | H4: =IF(Data!H4>0,Data!H4-4,"") -> 2 | I4: =IF(Data!I4>0,4-Data!I4,"") -> 2 | J4: =IF(Data!J4>0,4-Data!J4,"") -> 1 | K4: =IF(Data!K4>0,Data!K4-4,"") -> 2 | L4: =IF(Data!L4>0,4-Data!L4,"") -> 2 | M4: =IF(Data!M4>0,Data!M4-4,"") -> 1 | N4: =IF(Data!N4>0,Data!N4-4,"") -> 2 | O4: =IF(Data!O4>0,Data!O4-4,"") -> 1 | P4: =IF(Data!P4>0,Data!P4-4,"") -> 1 | Q4: =IF(Data!Q4>0,4-Data!Q4,"") -> 2 | R4: =IF(Data!R4>0,4-Data!R4,"") -> 2 | S4: =IF(Data!S4>0,4-Data!S4,"") -> 2 | T4: =IF(Data!T4>0,Data!T4-4,"") -> 2 | U4: =IF(Data!U4>0,4-Data!U4,"") -> 2 | V4: =IF(Data!V4>0,Data!V4-4,"") -> 2 | W4: =IF(Data!W4>0,4-Data!W4,"") -> 2 | X4: =IF(Data!X4>0,4-Data!X4,"") -> 2 | Y4: =IF(Data!Y4>0,4-Data!Y4,"") -> 2 | Z4: =IF(Data!Z4>0,Data!Z4-4,"") -> 2 | AC4: =IF((MAX(A4,L4,N4,P4,X4,Y4)-MIN(A4,L4,N4,P4,X4,Y4))>3,1,"") | AD4: =IF((MAX(B4,D4,M4,U4)-MIN(B4,D4,M4,U4))>3,1,"") | AE4: =IF((MAX(I4,T4,V4,W4)-MIN(I4,T4,V4,W4))>3,1,"") | AF4: =IF((MAX(H4,K4,Q4,S4)-MIN(H4,K4,Q4,S4))>3,1,"") | AG4: =IF((MAX(E4,F4,G4,R4)-MIN(E4,F4,G4,R4))>3,1,"") | AH4: =IF((MAX(C4,J4,O4,Z4)-MIN(C4,J4,O4,Z4))>3,1,"") | AI4: =IF(COUNT(A4:Z4)>0,IF(COUNT(AC4,AD4,AE4,AF4,AG4,AH4)>0,SUM(AC4,AD4,AE4,AF4,AG4,AH4),0),"") -> 0 | AK4: =IF(MAX(COUNTIF(Data!A4:Z4,1),COUNTIF(Data!A4:Z4,2),COUNTIF(Data!A4:Z4,3),COUNTIF(Data!A4:Z4,4),COUNTIF(Data!A4:Z4,5),COUNTIF(Data!A4:Z4,6),COUNTIF(Data!A4:Z4,7))>0,MAX(COUNTIF(Data!A4:Z4,1),COUNTIF(Data!A4:Z4,2),COUNTIF(Data!A4:Z4,3),COUNTIF(Data!A4:Z4,4),COUNTIF(Data!A4:Z4,5),COUNTIF(Data!A4:Z4,6),COUNTIF(Data!A4:Z4,7)),"") -> 11
A5: =IF(Data!A5>0,Data!A5-4,"") -> 3 | B5: =IF(Data!B5>0,Data!B5-4,"") -> 3 | C5: =IF(Data!C5>0,4-Data!C5,"") -> 3 | D5: =IF(Data!D5>0,4-Data!D5,"") -> 3 | E5: =IF(Data!E5>0,4-Data!E5,"") -> 3 | F5: =IF(Data!F5>0,Data!F5-4,"") -> 3 | G5: =IF(Data!G5>0,Data!G5-4,"") -> 3 | H5: =IF(Data!H5>0,Data!H5-4,"") -> 3 | I5: =IF(Data!I5>0,4-Data!I5,"") -> 3 | J5: =IF(Data!J5>0,4-Data!J5,"") -> 3 | K5: =IF(Data!K5>0,Data!K5-4,"") -> 3 | L5: =IF(Data!L5>0,4-Data!L5,"") -> 3 | M5: =IF(Data!M5>0,Data!M5-4,"") -> 3 | N5: =IF(Data!N5>0,Data!N5-4,"") -> 3 | O5: =IF(Data!O5>0,Data!O5-4,"") -> -3 | P5: =IF(Data!P5>0,Data!P5-4,"") -> 3 | Q5: =IF(Data!Q5>0,4-Data!Q5,"") -> 3 | R5: =IF(Data!R5>0,4-Data!R5,"") -> 3 | S5: =IF(Data!S5>0,4-Data!S5,"") -> 3 | T5: =IF(Data!T5>0,Data!T5-4,"") -> 3 | U5: =IF(Data!U5>0,4-Data!U5,"") -> 3 | V5: =IF(Data!V5>0,Data!V5-4,"") -> 3 | W5: =IF(Data!W5>0,4-Data!W5,"") -> 3 | X5: =IF(Data!X5>0,4-Data!X5,"") -> 3 | Y5: =IF(Data!Y5>0,4-Data!Y5,"") -> 3 | Z5: =IF(Data!Z5>0,Data!Z5-4,"") -> -3 | AC5: =IF((MAX(A5,L5,N5,P5,X5,Y5)-MIN(A5,L5,N5,P5,X5,Y5))>3,1,"") | AD5: =IF((MAX(B5,D5,M5,U5)-MIN(B5,D5,M5,U5))>3,1,"") | AE5: =IF((MAX(I5,T5,V5,W5)-MIN(I5,T5,V5,W5))>3,1,"") | AF5: =IF((MAX(H5,K5,Q5,S5)-MIN(H5,K5,Q5,S5))>3,1,"") | AG5: =IF((MAX(E5,F5,G5,R5)-MIN(E5,F5,G5,R5))>3,1,"") | AH5: =IF((MAX(C5,J5,O5,Z5)-MIN(C5,J5,O5,Z5))>3,1,"") -> 1 | AI5: =IF(COUNT(A5:Z5)>0,IF(COUNT(AC5,AD5,AE5,AF5,AG5,AH5)>0,SUM(AC5,AD5,AE5,AF5,AG5,AH5),0),"") -> 1 | AK5: =IF(MAX(COUNTIF(Data!A5:Z5,1),COUNTIF(Data!A5:Z5,2),COUNTIF(Data!A5:Z5,3),COUNTIF(Data!A5:Z5,4),COUNTIF(Data!A5:Z5,5),COUNTIF(Data!A5:Z5,6),COUNTIF(Data!A5:Z5,7))>0,MAX(COUNTIF(Data!A5:Z5,1),COUNTIF(Data!A5:Z5,2),COUNTIF(Data!A5:Z5,3),COUNTIF(Data!A5:Z5,4),COUNTIF(Data!A5:Z5,5),COUNTIF(Data!A5:Z5,6),COUNTIF(Data!A5:Z5,7)),"") -> 15
A6: =IF(Data!A6>0,Data!A6-4,"") -> 3 | B6: =IF(Data!B6>0,Data!B6-4,"") -> 3 | C6: =IF(Data!C6>0,4-Data!C6,"") -> 2 | D6: =IF(Data!D6>0,4-Data!D6,"") -> 3 | E6: =IF(Data!E6>0,4-Data!E6,"") -> 3 | F6: =IF(Data!F6>0,Data!F6-4,"") -> 1 | G6: =IF(Data!G6>0,Data!G6-4,"") -> 2 | H6: =IF(Data!H6>0,Data!H6-4,"") -> -2 | I6: =IF(Data!I6>0,4-Data!I6,"") -> 2 | J6: =IF(Data!J6>0,4-Data!J6,"") -> 2 | K6: =IF(Data!K6>0,Data!K6-4,"") -> 1 | L6: =IF(Data!L6>0,4-Data!L6,"") -> 3 | M6: =IF(Data!M6>0,Data!M6-4,"") -> 1 | N6: =IF(Data!N6>0,Data!N6-4,"") -> 2 | O6: =IF(Data!O6>0,Data!O6-4,"") -> 2 | P6: =IF(Data!P6>0,Data!P6-4,"") -> 2 | Q6: =IF(Data!Q6>0,4-Data!Q6,"") -> 2 | R6: =IF(Data!R6>0,4-Data!R6,"") -> 1 | S6: =IF(Data!S6>0,4-Data!S6,"") -> 2 | T6: =IF(Data!T6>0,Data!T6-4,"") -> 2 | U6: =IF(Data!U6>0,4-Data!U6,"") -> 1 | V6: =IF(Data!V6>0,Data!V6-4,"") -> 2 | W6: =IF(Data!W6>0,4-Data!W6,"") -> 2 | X6: =IF(Data!X6>0,4-Data!X6,"") -> 1 | Y6: =IF(Data!Y6>0,4-Data!Y6,"") -> 1 | Z6: =IF(Data!Z6>0,Data!Z6-4,"") -> 2 | AC6: =IF((MAX(A6,L6,N6,P6,X6,Y6)-MIN(A6,L6,N6,P6,X6,Y6))>3,1,"") | AD6: =IF((MAX(B6,D6,M6,U6)-MIN(B6,D6,M6,U6))>3,1,"") | AE6: =IF((MAX(I6,T6,V6,W6)-MIN(I6,T6,V6,W6))>3,1,"") | AF6: =IF((MAX(H6,K6,Q6,S6)-MIN(H6,K6,Q6,S6))>3,1,"") -> 1 | AG6: =IF((MAX(E6,F6,G6,R6)-MIN(E6,F6,G6,R6))>3,1,"") | AH6: =IF((MAX(C6,J6,O6,Z6)-MIN(C6,J6,O6,Z6))>3,1,"") | AI6: =IF(COUNT(A6:Z6)>0,IF(COUNT(AC6,AD6,AE6,AF6,AG6,AH6)>0,SUM(AC6,AD6,AE6,AF6,AG6,AH6),0),"") -> 1 | AK6: =IF(MAX(COUNTIF(Data!A6:Z6,1),COUNTIF(Data!A6:Z6,2),COUNTIF(Data!A6:Z6,3),COUNTIF(Data!A6:Z6,4),COUNTIF(Data!A6:Z6,5),COUNTIF(Data!A6:Z6,6),COUNTIF(Data!A6:Z6,7))>0,MAX(COUNTIF(Data!A6:Z6,1),COUNTIF(Data!A6:Z6,2),COUNTIF(Data!A6:Z6,3),COUNTIF(Data!A6:Z6,4),COUNTIF(Data!A6:Z6,5),COUNTIF(Data!A6:Z6,6),COUNTIF(Data!A6:Z6,7)),"") -> 7
A7: =IF(Data!A7>0,Data!A7-4,"") -> 2 | B7: =IF(Data!B7>0,Data!B7-4,"") -> 2 | C7: =IF(Data!C7>0,4-Data!C7,"") -> 0 | D7: =IF(Data!D7>0,4-Data!D7,"") -> 2 | E7: =IF(Data!E7>0,4-Data!E7,"") -> 1 | F7: =IF(Data!F7>0,Data!F7-4,"") -> 0 | G7: =IF(Data!G7>0,Data!G7-4,"") -> 0 | H7: =IF(Data!H7>0,Data!H7-4,"") -> 2 | I7: =IF(Data!I7>0,4-Data!I7,"") -> 2 | J7: =IF(Data!J7>0,4-Data!J7,"") -> 1 | K7: =IF(Data!K7>0,Data!K7-4,"") -> 1 | L7: =IF(Data!L7>0,4-Data!L7,"") -> 3 | M7: =IF(Data!M7>0,Data!M7-4,"") -> 3 | N7: =IF(Data!N7>0,Data!N7-4,"") -> 1 | O7: =IF(Data!O7>0,Data!O7-4,"") -> 2 | P7: =IF(Data!P7>0,Data!P7-4,"") -> 2 | Q7: =IF(Data!Q7>0,4-Data!Q7,"") -> 3 | R7: =IF(Data!R7>0,4-Data!R7,"") -> 0 | S7: =IF(Data!S7>0,4-Data!S7,"") -> 3 | T7: =IF(Data!T7>0,Data!T7-4,"") -> 3 | U7: =IF(Data!U7>0,4-Data!U7,"") -> 3 | V7: =IF(Data!V7>0,Data!V7-4,"") -> 2 | W7: =IF(Data!W7>0,4-Data!W7,"") -> 2 | X7: =IF(Data!X7>0,4-Data!X7,"") -> 0 | Y7: =IF(Data!Y7>0,4-Data!Y7,"") -> 1 | Z7: =IF(Data!Z7>0,Data!Z7-4,"") -> 0 | AC7: =IF((MAX(A7,L7,N7,P7,X7,Y7)-MIN(A7,L7,N7,P7,X7,Y7))>3,1,"") | AD7: =IF((MAX(B7,D7,M7,U7)-MIN(B7,D7,M7,U7))>3,1,"") | AE7: =IF((MAX(I7,T7,V7,W7)-MIN(I7,T7,V7,W7))>3,1,"") | AF7: =IF((MAX(H7,K7,Q7,S7)-MIN(H7,K7,Q7,S7))>3,1,"") | AG7: =IF((MAX(E7,F7,G7,R7)-MIN(E7,F7,G7,R7))>3,1,"") | AH7: =IF((MAX(C7,J7,O7,Z7)-MIN(C7,J7,O7,Z7))>3,1,"") | AI7: =IF(COUNT(A7:Z7)>0,IF(COUNT(AC7,AD7,AE7,AF7,AG7,AH7)>0,SUM(AC7,AD7,AE7,AF7,AG7,AH7),0),"") -> 0 | AK7: =IF(MAX(COUNTIF(Data!A7:Z7,1),COUNTIF(Data!A7:Z7,2),COUNTIF(Data!A7:Z7,3),COUNTIF(Data!A7:Z7,4),COUNTIF(Data!A7:Z7,5),COUNTIF(Data!A7:Z7,6),COUNTIF(Data!A7:Z7,7))>0,MAX(COUNTIF(Data!A7:Z7,1),COUNTIF(Data!A7:Z7,2),COUNTIF(Data!A7:Z7,3),COUNTIF(Data!A7:Z7,4),COUNTIF(Data!A7:Z7,5),COUNTIF(Data!A7:Z7,6),COUNTIF(Data!A7:Z7,7)),"") -> 6
A8: =IF(Data!A8>0,Data!A8-4,"") -> 2 | B8: =IF(Data!B8>0,Data!B8-4,"") -> -1 | C8: =IF(Data!C8>0,4-Data!C8,"") -> 0 | D8: =IF(Data!D8>0,4-Data!D8,"") -> -1 | E8: =IF(Data!E8>0,4-Data!E8,"") -> 2 | F8: =IF(Data!F8>0,Data!F8-4,"") -> 0 | G8: =IF(Data!G8>0,Data!G8-4,"") -> 1 | H8: =IF(Data!H8>0,Data!H8-4,"") -> 1 | I8: =IF(Data!I8>0,4-Data!I8,"") -> 2 | J8: =IF(Data!J8>0,4-Data!J8,"") -> 0 | K8: =IF(Data!K8>0,Data!K8-4,"") -> 1 | L8: =IF(Data!L8>0,4-Data!L8,"") -> 2 | M8: =IF(Data!M8>0,Data!M8-4,"") -> 1 | N8: =IF(Data!N8>0,Data!N8-4,"") -> 1 | O8: =IF(Data!O8>0,Data!O8-4,"") -> 0 | P8: =IF(Data!P8>0,Data!P8-4,"") -> 1 | Q8: =IF(Data!Q8>0,4-Data!Q8,"") -> 2 | R8: =IF(Data!R8>0,4-Data!R8,"") -> 1 | S8: =IF(Data!S8>0,4-Data!S8,"") -> 2 | T8: =IF(Data!T8>0,Data!T8-4,"") -> 2 | U8: =IF(Data!U8>0,4-Data!U8,"") -> 1 | V8: =IF(Data!V8>0,Data!V8-4,"") -> 2 | W8: =IF(Data!W8>0,4-Data!W8,"") -> 2 | X8: =IF(Data!X8>0,4-Data!X8,"") -> 1 | Y8: =IF(Data!Y8>0,4-Data!Y8,"") -> 1 | Z8: =IF(Data!Z8>0,Data!Z8-4,"") -> 0 | AC8: =IF((MAX(A8,L8,N8,P8,X8,Y8)-MIN(A8,L8,N8,P8,X8,Y8))>3,1,"") | AD8: =IF((MAX(B8,D8,M8,U8)-MIN(B8,D8,M8,U8))>3,1,"") | AE8: =IF((MAX(I8,T8,V8,W8)-MIN(I8,T8,V8,W8))>3,1,"") | AF8: =IF((MAX(H8,K8,Q8,S8)-MIN(H8,K8,Q8,S8))>3,1,"") | AG8: =IF((MAX(E8,F8,G8,R8)-MIN(E8,F8,G8,R8))>3,1,"") | AH8: =IF((MAX(C8,J8,O8,Z8)-MIN(C8,J8,O8,Z8))>3,1,"") | AI8: =IF(COUNT(A8:Z8)>0,IF(COUNT(AC8,AD8,AE8,AF8,AG8,AH8)>0,SUM(AC8,AD8,AE8,AF8,AG8,AH8),0),"") -> 0 | AK8: =IF(MAX(COUNTIF(Data!A8:Z8,1),COUNTIF(Data!A8:Z8,2),COUNTIF(Data!A8:Z8,3),COUNTIF(Data!A8:Z8,4),COUNTIF(Data!A8:Z8,5),COUNTIF(Data!A8:Z8,6),COUNTIF(Data!A8:Z8,7))>0,MAX(COUNTIF(Data!A8:Z8,1),COUNTIF(Data!A8:Z8,2),COUNTIF(Data!A8:Z8,3),COUNTIF(Data!A8:Z8,4),COUNTIF(Data!A8:Z8,5),COUNTIF(Data!A8:Z8,6),COUNTIF(Data!A8:Z8,7)),"") -> 7
A9: =IF(Data!A9>0,Data!A9-4,"") -> -1 | B9: =IF(Data!B9>0,Data!B9-4,"") -> 2 | C9: =IF(Data!C9>0,4-Data!C9,"") -> 2 | D9: =IF(Data!D9>0,4-Data!D9,"") -> -3 | E9: =IF(Data!E9>0,4-Data!E9,"") -> 0 | F9: =IF(Data!F9>0,Data!F9-4,"") -> 0 | G9: =IF(Data!G9>0,Data!G9-4,"") -> 0 | H9: =IF(Data!H9>0,Data!H9-4,"") -> 2 | I9: =IF(Data!I9>0,4-Data!I9,"") -> 2 | J9: =IF(Data!J9>0,4-Data!J9,"") -> 0 | K9: =IF(Data!K9>0,Data!K9-4,"") -> 0 | L9: =IF(Data!L9>0,4-Data!L9,"") -> 0 | M9: =IF(Data!M9>0,Data!M9-4,"") -> 0 | N9: =IF(Data!N9>0,Data!N9-4,"") -> -1 | O9: =IF(Data!O9>0,Data!O9-4,"") -> 0 | P9: =IF(Data!P9>0,Data!P9-4,"") -> -1 | Q9: =IF(Data!Q9>0,4-Data!Q9,"") -> -1 | R9: =IF(Data!R9>0,4-Data!R9,"") -> -1 | S9: =IF(Data!S9>0,4-Data!S9,"") -> 0 | T9: =IF(Data!T9>0,Data!T9-4,"") -> 0 | U9: =IF(Data!U9>0,4-Data!U9,"") -> 2 | V9: =IF(Data!V9>0,Data!V9-4,"") -> 2 | W9: =IF(Data!W9>0,4-Data!W9,"") -> 2 | X9: =IF(Data!X9>0,4-Data!X9,"") -> 0 | Y9: =IF(Data!Y9>0,4-Data!Y9,"") -> 1 | Z9: =IF(Data!Z9>0,Data!Z9-4,"") -> 2 | AC9: =IF((MAX(A9,L9,N9,P9,X9,Y9)-MIN(A9,L9,N9,P9,X9,Y9))>3,1,"") | AD9: =IF((MAX(B9,D9,M9,U9)-MIN(B9,D9,M9,U9))>3,1,"") -> 1 | AE9: =IF((MAX(I9,T9,V9,W9)-MIN(I9,T9,V9,W9))>3,1,"") | AF9: =IF((MAX(H9,K9,Q9,S9)-MIN(H9,K9,Q9,S9))>3,1,"") | AG9: =IF((MAX(E9,F9,G9,R9)-MIN(E9,F9,G9,R9))>3,1,"") | AH9: =IF((MAX(C9,J9,O9,Z9)-MIN(C9,J9,O9,Z9))>3,1,"") | AI9: =IF(COUNT(A9:Z9)>0,IF(COUNT(AC9,AD9,AE9,AF9,AG9,AH9)>0,SUM(AC9,AD9,AE9,AF9,AG9,AH9),0),"") -> 1 | AK9: =IF(MAX(COUNTIF(Data!A9:Z9,1),COUNTIF(Data!A9:Z9,2),COUNTIF(Data!A9:Z9,3),COUNTIF(Data!A9:Z9,4),COUNTIF(Data!A9:Z9,5),COUNTIF(Data!A9:Z9,6),COUNTIF(Data!A9:Z9,7))>0,MAX(COUNTIF(Data!A9:Z9,1),COUNTIF(Data!A9:Z9,2),COUNTIF(Data!A9:Z9,3),COUNTIF(Data!A9:Z9,4),COUNTIF(Data!A9:Z9,5),COUNTIF(Data!A9:Z9,6),COUNTIF(Data!A9:Z9,7)),"") -> 11
A10: =IF(Data!A10>0,Data!A10-4,"") -> 3 | B10: =IF(Data!B10>0,Data!B10-4,"") -> 1 | C10: =IF(Data!C10>0,4-Data!C10,"") -> 0 | D10: =IF(Data!D10>0,4-Data!D10,"") -> -1 | E10: =IF(Data!E10>0,4-Data!E10,"") -> 3 | F10: =IF(Data!F10>0,Data!F10-4,"") -> 0 | G10: =IF(Data!G10>0,Data!G10-4,"") -> 1 | H10: =IF(Data!H10>0,Data!H10-4,"") -> 0 | I10: =IF(Data!I10>0,4-Data!I10,"") -> 1 | J10: =IF(Data!J10>0,4-Data!J10,"") -> 1 | K10: =IF(Data!K10>0,Data!K10-4,"") -> 2 | L10: =IF(Data!L10>0,4-Data!L10,"") -> 3 | M10: =IF(Data!M10>0,Data!M10-4,"") -> 2 | N10: =IF(Data!N10>0,Data!N10-4,"") -> 3 | O10: =IF(Data!O10>0,Data!O10-4,"") -> 0 | P10: =IF(Data!P10>0,Data!P10-4,"") -> 3 | Q10: =IF(Data!Q10>0,4-Data!Q10,"") -> 3 | R10: =IF(Data!R10>0,4-Data!R10,"") -> 1 | S10: =IF(Data!S10>0,4-Data!S10,"") -> 3 | T10: =IF(Data!T10>0,Data!T10-4,"") -> 3 | U10: =IF(Data!U10>0,4-Data!U10,"") -> 2 | V10: =IF(Data!V10>0,Data!V10-4,"") -> 2 | W10: =IF(Data!W10>0,4-Data!W10,"") -> 2 | X10: =IF(Data!X10>0,4-Data!X10,"") -> 0 | Y10: =IF(Data!Y10>0,4-Data!Y10,"") -> 3 | Z10: =IF(Data!Z10>0,Data!Z10-4,"") -> 2 | AC10: =IF((MAX(A10,L10,N10,P10,X10,Y10)-MIN(A10,L10,N10,P10,X10,Y10))>3,1,"") | AD10: =IF((MAX(B10,D10,M10,U10)-MIN(B10,D10,M10,U10))>3,1,"") | AE10: =IF((MAX(I10,T10,V10,W10)-MIN(I10,T10,V10,W10))>3,1,"") | AF10: =IF((MAX(H10,K10,Q10,S10)-MIN(H10,K10,Q10,S10))>3,1,"") | AG10: =IF((MAX(E10,F10,G10,R10)-MIN(E10,F10,G10,R10))>3,1,"") | AH10: =IF((MAX(C10,J10,O10,Z10)-MIN(C10,J10,O10,Z10))>3,1,"") | AI10: =IF(COUNT(A10:Z10)>0,IF(COUNT(AC10,AD10,AE10,AF10,AG10,AH10)>0,SUM(AC10,AD10,AE10,AF10,AG10,AH10),0),"") -> 0 | AK10: =IF(MAX(COUNTIF(Data!A10:Z10,1),COUNTIF(Data!A10:Z10,2),COUNTIF(Data!A10:Z10,3),COUNTIF(Data!A10:Z10,4),COUNTIF(Data!A10:Z10,5),COUNTIF(Data!A10:Z10,6),COUNTIF(Data!A10:Z10,7))>0,MAX(COUNTIF(Data!A10:Z10,1),COUNTIF(Data!A10:Z10,2),COUNTIF(Data!A10:Z10,3),COUNTIF(Data!A10:Z10,4),COUNTIF(Data!A10:Z10,5),COUNTIF(Data!A10:Z10,6),COUNTIF(Data!A10:Z10,7)),"") -> 5
A11: =IF(Data!A11>0,Data!A11-4,"") -> 1 | B11: =IF(Data!B11>0,Data!B11-4,"") -> 2 | C11: =IF(Data!C11>0,4-Data!C11,"") -> 0 | D11: =IF(Data!D11>0,4-Data!D11,"") -> 1 | E11: =IF(Data!E11>0,4-Data!E11,"") -> 3 | F11: =IF(Data!F11>0,Data!F11-4,"") -> 0 | G11: =IF(Data!G11>0,Data!G11-4,"") -> 0 | H11: =IF(Data!H11>0,Data!H11-4,"") -> 2 | I11: =IF(Data!I11>0,4-Data!I11,"") -> 1 | J11: =IF(Data!J11>0,4-Data!J11,"") -> 2 | K11: =IF(Data!K11>0,Data!K11-4,"") -> 0 | L11: =IF(Data!L11>0,4-Data!L11,"") -> 1 | M11: =IF(Data!M11>0,Data!M11-4,"") -> 2 | N11: =IF(Data!N11>0,Data!N11-4,"") -> 0 | O11: =IF(Data!O11>0,Data!O11-4,"") -> 2 | P11: =IF(Data!P11>0,Data!P11-4,"") -> 1 | Q11: =IF(Data!Q11>0,4-Data!Q11,"") -> 3 | R11: =IF(Data!R11>0,4-Data!R11,"") -> 0 | S11: =IF(Data!S11>0,4-Data!S11,"") -> 2 | T11: =IF(Data!T11>0,Data!T11-4,"") -> 1 | U11: =IF(Data!U11>0,4-Data!U11,"") -> 3 | V11: =IF(Data!V11>0,Data!V11-4,"") -> 3 | W11: =IF(Data!W11>0,4-Data!W11,"") -> 1 | X11: =IF(Data!X11>0,4-Data!X11,"") -> 0 | Y11: =IF(Data!Y11>0,4-Data!Y11,"") -> 0 | Z11: =IF(Data!Z11>0,Data!Z11-4,"") -> 1 | AC11: =IF((MAX(A11,L11,N11,P11,X11,Y11)-MIN(A11,L11,N11,P11,X11,Y11))>3,1,"") | AD11: =IF((MAX(B11,D11,M11,U11)-MIN(B11,D11,M11,U11))>3,1,"") | AE11: =IF((MAX(I11,T11,V11,W11)-MIN(I11,T11,V11,W11))>3,1,"") | AF11: =IF((MAX(H11,K11,Q11,S11)-MIN(H11,K11,Q11,S11))>3,1,"") | AG11: =IF((MAX(E11,F11,G11,R11)-MIN(E11,F11,G11,R11))>3,1,"") | AH11: =IF((MAX(C11,J11,O11,Z11)-MIN(C11,J11,O11,Z11))>3,1,"") | AI11: =IF(COUNT(A11:Z11)>0,IF(COUNT(AC11,AD11,AE11,AF11,AG11,AH11)>0,SUM(AC11,AD11,AE11,AF11,AG11,AH11),0),"") -> 0 | AK11: =IF(MAX(COUNTIF(Data!A11:Z11,1),COUNTIF(Data!A11:Z11,2),COUNTIF(Data!A11:Z11,3),COUNTIF(Data!A11:Z11,4),COUNTIF(Data!A11:Z11,5),COUNTIF(Data!A11:Z11,6),COUNTIF(Data!A11:Z11,7))>0,MAX(COUNTIF(Data!A11:Z11,1),COUNTIF(Data!A11:Z11,2),COUNTIF(Data!A11:Z11,3),COUNTIF(Data!A11:Z11,4),COUNTIF(Data!A11:Z11,5),COUNTIF(Data!A11:Z11,6),COUNTIF(Data!A11:Z11,7)),"") -> 8
A12: =IF(Data!A12>0,Data!A12-4,"") -> 3 | B12: =IF(Data!B12>0,Data!B12-4,"") -> 3 | C12: =IF(Data!C12>0,4-Data!C12,"") -> 3 | D12: =IF(Data!D12>0,4-Data!D12,"") -> 3 | E12: =IF(Data!E12>0,4-Data!E12,"") -> 3 | F12: =IF(Data!F12>0,Data!F12-4,"") -> 1 | G12: =IF(Data!G12>0,Data!G12-4,"") -> 2 | H12: =IF(Data!H12>0,Data!H12-4,"") -> 0 | I12: =IF(Data!I12>0,4-Data!I12,"") -> 3 | J12: =IF(Data!J12>0,4-Data!J12,"") -> 0 | K12: =IF(Data!K12>0,Data!K12-4,"") -> 0 | L12: =IF(Data!L12>0,4-Data!L12,"") -> 3 | M12: =IF(Data!M12>0,Data!M12-4,"") -> 3 | N12: =IF(Data!N12>0,Data!N12-4,"") -> 3 | O12: =IF(Data!O12>0,Data!O12-4,"") -> 3 | P12: =IF(Data!P12>0,Data!P12-4,"") -> 3 | Q12: =IF(Data!Q12>0,4-Data!Q12,"") -> 2 | R12: =IF(Data!R12>0,4-Data!R12,"") -> 0 | S12: =IF(Data!S12>0,4-Data!S12,"") -> 3 | T12: =IF(Data!T12>0,Data!T12-4,"") -> 3 | U12: =IF(Data!U12>0,4-Data!U12,"") -> 2 | V12: =IF(Data!V12>0,Data!V12-4,"") -> 3 | W12: =IF(Data!W12>0,4-Data!W12,"") -> 1 | X12: =IF(Data!X12>0,4-Data!X12,"") -> 3 | Y12: =IF(Data!Y12>0,4-Data!Y12,"") -> 3 | Z12: =IF(Data!Z12>0,Data!Z12-4,"") -> 0 | AC12: =IF((MAX(A12,L12,N12,P12,X12,Y12)-MIN(A12,L12,N12,P12,X12,Y12))>3,1,"") | AD12: =IF((MAX(B12,D12,M12,U12)-MIN(B12,D12,M12,U12))>3,1,"") | AE12: =IF((MAX(I12,T12,V12,W12)-MIN(I12,T12,V12,W12))>3,1,"") | AF12: =IF((MAX(H12,K12,Q12,S12)-MIN(H12,K12,Q12,S12))>3,1,"") | AG12: =IF((MAX(E12,F12,G12,R12)-MIN(E12,F12,G12,R12))>3,1,"") | AH12: =IF((MAX(C12,J12,O12,Z12)-MIN(C12,J12,O12,Z12))>3,1,"") | AI12: =IF(COUNT(A12:Z12)>0,IF(COUNT(AC12,AD12,AE12,AF12,AG12,AH12)>0,SUM(AC12,AD12,AE12,AF12,AG12,AH12),0),"") -> 0 | AK12: =IF(MAX(COUNTIF(Data!A12:Z12,1),COUNTIF(Data!A12:Z12,2),COUNTIF(Data!A12:Z12,3),COUNTIF(Data!A12:Z12,4),COUNTIF(Data!A12:Z12,5),COUNTIF(Data!A12:Z12,6),COUNTIF(Data!A12:Z12,7))>0,MAX(COUNTIF(Data!A12:Z12,1),COUNTIF(Data!A12:Z12,2),COUNTIF(Data!A12:Z12,3),COUNTIF(Data!A12:Z12,4),COUNTIF(Data!A12:Z12,5),COUNTIF(Data!A12:Z12,6),COUNTIF(Data!A12:Z12,7)),"") -> 8
A13: =IF(Data!A13>0,Data!A13-4,"") -> 2 | B13: =IF(Data!B13>0,Data!B13-4,"") -> 3 | C13: =IF(Data!C13>0,4-Data!C13,"") -> -2 | D13: =IF(Data!D13>0,4-Data!D13,"") -> -2 | E13: =IF(Data!E13>0,4-Data!E13,"") -> -1 | F13: =IF(Data!F13>0,Data!F13-4,"") -> 1 | G13: =IF(Data!G13>0,Data!G13-4,"") -> 1 | H13: =IF(Data!H13>0,Data!H13-4,"") -> -1 | I13: =IF(Data!I13>0,4-Data!I13,"") -> -1 | J13: =IF(Data!J13>0,4-Data!J13,"") -> -2 | K13: =IF(Data!K13>0,Data!K13-4,"") -> 2 | L13: =IF(Data!L13>0,4-Data!L13,"") -> 3 | M13: =IF(Data!M13>0,Data!M13-4,"") -> 3 | N13: =IF(Data!N13>0,Data!N13-4,"") -> 2 | O13: =IF(Data!O13>0,Data!O13-4,"") -> 1 | P13: =IF(Data!P13>0,Data!P13-4,"") -> 2 | Q13: =IF(Data!Q13>0,4-Data!Q13,"") -> 2 | R13: =IF(Data!R13>0,4-Data!R13,"") -> 2 | S13: =IF(Data!S13>0,4-Data!S13,"") -> 2 | T13: =IF(Data!T13>0,Data!T13-4,"") -> 2 | U13: =IF(Data!U13>0,4-Data!U13,"") -> 3 | V13: =IF(Data!V13>0,Data!V13-4,"") -> 3 | W13: =IF(Data!W13>0,4-Data!W13,"") -> 3 | X13: =IF(Data!X13>0,4-Data!X13,"") -> 2 | Y13: =IF(Data!Y13>0,4-Data!Y13,"") -> 3 | Z13: =IF(Data!Z13>0,Data!Z13-4,"") -> -3 | AC13: =IF((MAX(A13,L13,N13,P13,X13,Y13)-MIN(A13,L13,N13,P13,X13,Y13))>3,1,"") | AD13: =IF((MAX(B13,D13,M13,U13)-MIN(B13,D13,M13,U13))>3,1,"") -> 1 | AE13: =IF((MAX(I13,T13,V13,W13)-MIN(I13,T13,V13,W13))>3,1,"") -> 1 | AF13: =IF((MAX(H13,K13,Q13,S13)-MIN(H13,K13,Q13,S13))>3,1,"") | AG13: =IF((MAX(E13,F13,G13,R13)-MIN(E13,F13,G13,R13))>3,1,"") | AH13: =IF((MAX(C13,J13,O13,Z13)-MIN(C13,J13,O13,Z13))>3,1,"") -> 1 | AI13: =IF(COUNT(A13:Z13)>0,IF(COUNT(AC13,AD13,AE13,AF13,AG13,AH13)>0,SUM(AC13,AD13,AE13,AF13,AG13,AH13),0),"") -> 3 | AK13: =IF(MAX(COUNTIF(Data!A13:Z13,1),COUNTIF(Data!A13:Z13,2),COUNTIF(Data!A13:Z13,3),COUNTIF(Data!A13:Z13,4),COUNTIF(Data!A13:Z13,5),COUNTIF(Data!A13:Z13,6),COUNTIF(Data!A13:Z13,7))>0,MAX(COUNTIF(Data!A13:Z13,1),COUNTIF(Data!A13:Z13,2),COUNTIF(Data!A13:Z13,3),COUNTIF(Data!A13:Z13,4),COUNTIF(Data!A13:Z13,5),COUNTIF(Data!A13:Z13,6),COUNTIF(Data!A13:Z13,7)),"") -> 8
A14: =IF(Data!A14>0,Data!A14-4,"") -> 1 | B14: =IF(Data!B14>0,Data!B14-4,"") -> 1 | C14: =IF(Data!C14>0,4-Data!C14,"") -> -2 | D14: =IF(Data!D14>0,4-Data!D14,"") -> -2 | E14: =IF(Data!E14>0,4-Data!E14,"") -> 2 | F14: =IF(Data!F14>0,Data!F14-4,"") -> 0 | G14: =IF(Data!G14>0,Data!G14-4,"") -> 1 | H14: =IF(Data!H14>0,Data!H14-4,"") -> -1 | I14: =IF(Data!I14>0,4-Data!I14,"") -> 0 | J14: =IF(Data!J14>0,4-Data!J14,"") -> 2 | K14: =IF(Data!K14>0,Data!K14-4,"") -> 1 | L14: =IF(Data!L14>0,4-Data!L14,"") -> 1 | M14: =IF(Data!M14>0,Data!M14-4,"") -> 1 | N14: =IF(Data!N14>0,Data!N14-4,"") -> 1 | O14: =IF(Data!O14>0,Data!O14-4,"") -> 1 | P14: =IF(Data!P14>0,Data!P14-4,"") -> 1 | Q14: =IF(Data!Q14>0,4-Data!Q14,"") -> 3 | R14: =IF(Data!R14>0,4-Data!R14,"") -> 0 | S14: =IF(Data!S14>0,4-Data!S14,"") -> 2 | T14: =IF(Data!T14>0,Data!T14-4,"") -> 1 | U14: =IF(Data!U14>0,4-Data!U14,"") -> 1 | V14: =IF(Data!V14>0,Data!V14-4,"") -> 1 | W14: =IF(Data!W14>0,4-Data!W14,"") -> -2 | X14: =IF(Data!X14>0,4-Data!X14,"") -> 2 | Y14: =IF(Data!Y14>0,4-Data!Y14,"") -> 2 | Z14: =IF(Data!Z14>0,Data!Z14-4,"") -> 2 | AC14: =IF((MAX(A14,L14,N14,P14,X14,Y14)-MIN(A14,L14,N14,P14,X14,Y14))>3,1,"") | AD14: =IF((MAX(B14,D14,M14,U14)-MIN(B14,D14,M14,U14))>3,1,"") | AE14: =IF((MAX(I14,T14,V14,W14)-MIN(I14,T14,V14,W14))>3,1,"") | AF14: =IF((MAX(H14,K14,Q14,S14)-MIN(H14,K14,Q14,S14))>3,1,"") -> 1 | AG14: =IF((MAX(E14,F14,G14,R14)-MIN(E14,F14,G14,R14))>3,1,"") | AH14: =IF((MAX(C14,J14,O14,Z14)-MIN(C14,J14,O14,Z14))>3,1,"") -> 1 | AI14: =IF(COUNT(A14:Z14)>0,IF(COUNT(AC14,AD14,AE14,AF14,AG14,AH14)>0,SUM(AC14,AD14,AE14,AF14,AG14,AH14),0),"") -> 2 | AK14: =IF(MAX(COUNTIF(Data!A14:Z14,1),COUNTIF(Data!A14:Z14,2),COUNTIF(Data!A14:Z14,3),COUNTIF(Data!A14:Z14,4),COUNTIF(Data!A14:Z14,5),COUNTIF(Data!A14:Z14,6),COUNTIF(Data!A14:Z14,7))>0,MAX(COUNTIF(Data!A14:Z14,1),COUNTIF(Data!A14:Z14,2),COUNTIF(Data!A14:Z14,3),COUNTIF(Data!A14:Z14,4),COUNTIF(Data!A14:Z14,5),COUNTIF(Data!A14:Z14,6),COUNTIF(Data!A14:Z14,7)),"") -> 10
A15: =IF(Data!A15>0,Data!A15-4,"") -> 2 | B15: =IF(Data!B15>0,Data!B15-4,"") -> 2 | C15: =IF(Data!C15>0,4-Data!C15,"") -> 0 | D15: =IF(Data!D15>0,4-Data!D15,"") -> 2 | E15: =IF(Data!E15>0,4-Data!E15,"") -> 2 | F15: =IF(Data!F15>0,Data!F15-4,"") -> 1 | G15: =IF(Data!G15>0,Data!G15-4,"") -> 1 | H15: =IF(Data!H15>0,Data!H15-4,"") -> 1 | I15: =IF(Data!I15>0,4-Data!I15,"") -> 0 | J15: =IF(Data!J15>0,4-Data!J15,"") -> 1 | K15: =IF(Data!K15>0,Data!K15-4,"") -> 0 | L15: =IF(Data!L15>0,4-Data!L15,"") -> 2 | M15: =IF(Data!M15>0,Data!M15-4,"") -> 1 | N15: =IF(Data!N15>0,Data!N15-4,"") -> 0 | O15: =IF(Data!O15>0,Data!O15-4,"") -> 0 | P15: =IF(Data!P15>0,Data!P15-4,"") -> 1 | Q15: =IF(Data!Q15>0,4-Data!Q15,"") -> 1 | R15: =IF(Data!R15>0,4-Data!R15,"") -> 0 | S15: =IF(Data!S15>0,4-Data!S15,"") -> 2 | T15: =IF(Data!T15>0,Data!T15-4,"") -> 1 | U15: =IF(Data!U15>0,4-Data!U15,"") -> 2 | V15: =IF(Data!V15>0,Data!V15-4,"") -> 0 | W15: =IF(Data!W15>0,4-Data!W15,"") -> 1 | X15: =IF(Data!X15>0,4-Data!X15,"") -> 1 | Y15: =IF(Data!Y15>0,4-Data!Y15,"") -> 1 | Z15: =IF(Data!Z15>0,Data!Z15-4,"") -> 0 | AC15: =IF((MAX(A15,L15,N15,P15,X15,Y15)-MIN(A15,L15,N15,P15,X15,Y15))>3,1,"") | AD15: =IF((MAX(B15,D15,M15,U15)-MIN(B15,D15,M15,U15))>3,1,"") | AE15: =IF((MAX(I15,T15,V15,W15)-MIN(I15,T15,V15,W15))>3,1,"") | AF15: =IF((MAX(H15,K15,Q15,S15)-MIN(H15,K15,Q15,S15))>3,1,"") | AG15: =IF((MAX(E15,F15,G15,R15)-MIN(E15,F15,G15,R15))>3,1,"") | AH15: =IF((MAX(C15,J15,O15,Z15)-MIN(C15,J15,O15,Z15))>3,1,"") | AI15: =IF(COUNT(A15:Z15)>0,IF(COUNT(AC15,AD15,AE15,AF15,AG15,AH15)>0,SUM(AC15,AD15,AE15,AF15,AG15,AH15),0),"") -> 0 | AK15: =IF(MAX(COUNTIF(Data!A15:Z15,1),COUNTIF(Data!A15:Z15,2),COUNTIF(Data!A15:Z15,3),COUNTIF(Data!A15:Z15,4),COUNTIF(Data!A15:Z15,5),COUNTIF(Data!A15:Z15,6),COUNTIF(Data!A15:Z15,7))>0,MAX(COUNTIF(Data!A15:Z15,1),COUNTIF(Data!A15:Z15,2),COUNTIF(Data!A15:Z15,3),COUNTIF(Data!A15:Z15,4),COUNTIF(Data!A15:Z15,5),COUNTIF(Data!A15:Z15,6),COUNTIF(Data!A15:Z15,7)),"") -> 8
... A1004: =IF(Data!A1004>0,Data!A1004-4,"") | B1004: =IF(Data!B1004>0,Data!B1004-4,"") | C1004: =IF(Data!C1004>0,4-Data!C1004,"") | D1004: =IF(Data!D1004>0,4-Data!D1004,"") | E1004: =IF(Data!E1004>0,4-Data!E1004,"") | F1004: =IF(Data!F1004>0,Data!F1004-4,"") | G1004: =IF(Data!G1004>0,Data!G1004-4,"") | H1004: =IF(Data!H1004>0,Data!H1004-4,"") | I1004: =IF(Data!I1004>0,4-Data!I1004,"") | J1004: =IF(Data!J1004>0,4-Data!J1004,"") | K1004: =IF(Data!K1004>0,Data!K1004-4,"") | L1004: =IF(Data!L1004>0,4-Data!L1004,"") | M1004: =IF(Data!M1004>0,Data!M1004-4,"") | N1004: =IF(Data!N1004>0,Data!N1004-4,"") | O1004: =IF(Data!O1004>0,Data!O1004-4,"") | P1004: =IF(Data!P1004>0,Data!P1004-4,"") | Q1004: =IF(Data!Q1004>0,4-Data!Q1004,"") | R1004: =IF(Data!R1004>0,4-Data!R1004,"") | S1004: =IF(Data!S1004>0,4-Data!S1004,"") | T1004: =IF(Data!T1004>0,Data!T1004-4,"") | U1004: =IF(Data!U1004>0,4-Data!U1004,"") | V1004: =IF(Data!V1004>0,Data!V1004-4,"") | W1004: =IF(Data!W1004>0,4-Data!W1004,"") | X1004: =IF(Data!X1004>0,4-Data!X1004,"") | Y1004: =IF(Data!Y1004>0,4-Data!Y1004,"") | Z1004: =IF(Data!Z1004>0,Data!Z1004-4,"") | AC1004: =IF((MAX(A1004,L1004,N1004,P1004,X1004,Y1004)-MIN(A1004,L1004,N1004,P1004,X1004,Y1004))>3,1,"") | AD1004: =IF((MAX(B1004,D1004,M1004,U1004)-MIN(B1004,D1004,M1004,U1004))>3,1,"") | AE1004: =IF((MAX(I1004,T1004,V1004,W1004)-MIN(I1004,T1004,V1004,W1004))>3,1,"") | AF1004: =IF((MAX(H1004,K1004,Q1004,S1004)-MIN(H1004,K1004,Q1004,S1004))>3,1,"") | AG1004: =IF((MAX(E1004,F1004,G1004,R1004)-MIN(E1004,F1004,G1004,R1004))>3,1,"") | AH1004: =IF((MAX(C1004,J1004,O1004,Z1004)-MIN(C1004,J1004,O1004,Z1004))>3,1,"") | AI1004: =IF(COUNT(A1004:Z1004)>0,IF(COUNT(AC1004,AD1004,AE1004,AF1004,AG1004,AH1004)>0,SUM(AC1004,AD1004,AE1004,AF1004,AG1004,AH1004),0),"") | AK1004: =IF(MAX(COUNTIF(Data!A1004:Z1004,1),COUNTIF(Data!A1004:Z1004,2),COUNTIF(Data!A1004:Z1004,3),COUNTIF(Data!A1004:Z1004,4),COUNTIF(Data!A1004:Z1004,5),COUNTIF(Data!A1004:Z1004,6),COUNTIF(Data!A1004:Z1004,7))>0,MAX(COUNTIF(Data!A1004:Z1004,1),COUNTIF(Data!A1004:Z1004,2),COUNTIF(Data!A1004:Z1004,3),COUNTIF(Data!A1004:Z1004,4),COUNTIF(Data!A1004:Z1004,5),COUNTIF(Data!A1004:Z1004,6),COUNTIF(Data!A1004:Z1004,7)),"")

Sheet Sample_Size
A1: Sample size to reach a certain precision concerning the estimated scale means
A2: If you have not many data points the error bars for the scale means in the Results Tab can be quite big. The error bars show the area (confidence interval) in which the true value of the scale mean should be located with a 95% probability. Thus, big error bars stand for a not very precise measurement. A natural question is thus to ask, how many person you need (i.e. how big your sample should be) if you want to measure the scale means with a certain precision. This tab tries to answer this question. For a given precision E (deviation between true scale mean in the population and the estimated scale mean from the sample) the required sample size depends on the standard deviation of the scale value in the population (the smaller this is the higher is the agreement between different persons and thus the less persons you need to ask) and the chance (error probability) P you still accept that the true scale mean is outside the area described by the error bars (i.e. it will be with a probability 1-P inside the confidence interval). Of course the standard deviation of the scale value in the population is not known. For the data in this tab we estimate this value from the standard deviation of the already entered data. Thus, if you enter more data the estimation of this value and thus the values in the table below will change!! The following table shows for typical values of E and P the required sample size. Please note that these are just rough estimations to give you an idea on how many data you need to achieve an accurate measurement!
A3: Scale | B3: Standard Deviation
A4: =VLOOKUP(Read_First!B5,Items!A1:BI50,54,FALSE) -> Attractiveness | B4: =SQRT(VAR(DT!AC4:AC1004)) -> 1.1425329
A5: =VLOOKUP(Read_First!B5,Items!A1:BI50,55,FALSE) -> Perspicuity | B5: =SQRT(VAR(DT!AD4:AD1004)) -> 1.1379449
A6: =VLOOKUP(Read_First!B5,Items!A1:BI50,56,FALSE) -> Efficiency | B6: =SQRT(VAR(DT!AE4:AE1004)) -> 1.0478709
A7: =VLOOKUP(Read_First!B5,Items!A1:BI50,57,FALSE) -> Dependability | B7: =SQRT(VAR(DT!AF4:AF1004)) -> 0.90829617
A8: =VLOOKUP(Read_First!B5,Items!A1:BI50,58,FALSE) -> Stimulation | B8: =SQRT(VAR(DT!AG4:AG1004)) -> 1.0610449
A9: =VLOOKUP(Read_First!B5,Items!A1:BI50,59,FALSE) -> Novelty | B9: =SQRT(VAR(DT!AH4:AH1004)) -> 1.0794863
A11: Condition | B11: =VLOOKUP(Read_First!B5,Items!A1:BI50,54,FALSE) -> Attractiveness | C11: =VLOOKUP(Read_First!B5,Items!A1:BI50,55,FALSE) -> Perspicuity | D11: =VLOOKUP(Read_First!B5,Items!A1:BI50,56,FALSE) -> Efficiency | E11: =VLOOKUP(Read_First!B5,Items!A1:BI50,57,FALSE) -> Dependability | F11: =VLOOKUP(Read_First!B5,Items!A1:BI50,58,FALSE) -> Stimulation | G11: =VLOOKUP(Read_First!B5,Items!A1:BI50,59,FALSE) -> Novelty
A12: Precision=0.5, Err.Prob.=0.1 | B12: =POWER((1.65*B4)/0.5,2) -> 14.215604 | C12: =POWER((1.65*B5)/0.5,2) -> 14.101663 | D12: =POWER((1.65*B6)/0.5,2) -> 11.957584 | E12: =POWER((1.65*B7)/0.5,2) -> 8.984271 | F12: =POWER((1.65*B8)/0.5,2) -> 12.26014 | G12: =POWER((1.65*B9)/0.5,2) -> 12.690015
A13: Precision=0.5, Err.Prob.=0.05 | B13: =POWER((1.96*B4)/0.5,2) -> 20.059013 | C13: =POWER((1.96*B5)/0.5,2) -> 19.898237 | D13: =POWER((1.96*B6)/0.5,2) -> 16.872821 | E13: =POWER((1.96*B7)/0.5,2) -> 12.67731 | F13: =POWER((1.96*B8)/0.5,2) -> 17.299744 | G13: =POWER((1.96*B9)/0.5,2) -> 17.906322
A14: Precision=0.5, Err.Prob.=0.01 | B14: =POWER((2.58*B4)/0.5,2) -> 34.756564 | C14: =POWER((2.58*B5)/0.5,2) -> 34.477984 | D14: =POWER((2.58*B6)/0.5,2) -> 29.235799 | E14: =POWER((2.58*B7)/0.5,2) -> 21.966171 | F14: =POWER((2.58*B8)/0.5,2) -> 29.975536 | G14: =POWER((2.58*B9)/0.5,2) -> 31.026563
A15: Precision=0.25, Err.Prob.=0.1 | B15: =POWER((1.65*B4)/0.25,2) -> 56.862415 | C15: =POWER((1.65*B5)/0.25,2) -> 56.406652 | D15: =POWER((1.65*B6)/0.25,2) -> 47.830336 | E15: =POWER((1.65*B7)/0.25,2) -> 35.937084 | F15: =POWER((1.65*B8)/0.25,2) -> 49.04056 | G15: =POWER((1.65*B9)/0.25,2) -> 50.76006
A16: Precision=0.25, Err.Prob.=0.05 | B16: =POWER((1.96*B4)/0.25,2) -> 80.236053 | C16: =POWER((1.96*B5)/0.25,2) -> 79.592946 | D16: =POWER((1.96*B6)/0.25,2) -> 67.491283 | E16: =POWER((1.96*B7)/0.25,2) -> 50.709239 | F16: =POWER((1.96*B8)/0.25,2) -> 69.198977 | G16: =POWER((1.96*B9)/0.25,2) -> 71.625289
A17: Precision=0.25, Err.Prob.=0.01 | B17: =POWER((2.58*B4)/0.25,2) -> 139.02626 | C17: =POWER((2.58*B5)/0.25,2) -> 137.91193 | D17: =POWER((2.58*B6)/0.25,2) -> 116.9432 | E17: =POWER((2.58*B7)/0.25,2) -> 87.864686 | F17: =POWER((2.58*B8)/0.25,2) -> 119.90214 | G17: =POWER((2.58*B9)/0.25,2) -> 124.10625
A18: Precision=0.1, Err.Prob.=0.1 | B18: =POWER((1.65*B4)/0.1,2) -> 355.3901 | C18: =POWER((1.65*B5)/0.1,2) -> 352.54158 | D18: =POWER((1.65*B6)/0.1,2) -> 298.9396 | E18: =POWER((1.65*B7)/0.1,2) -> 224.60678 | F18: =POWER((1.65*B8)/0.1,2) -> 306.5035 | G18: =POWER((1.65*B9)/0.1,2) -> 317.25038
A19: Precision=0.1, Err.Prob.=0.05 | B19: =POWER((1.96*B4)/0.1,2) -> 501.47533 | C19: =POWER((1.96*B5)/0.1,2) -> 497.45591 | D19: =POWER((1.96*B6)/0.1,2) -> 421.82052 | E19: =POWER((1.96*B7)/0.1,2) -> 316.93274 | F19: =POWER((1.96*B8)/0.1,2) -> 432.49361 | G19: =POWER((1.96*B9)/0.1,2) -> 447.65805
A20: Precision=0.1, Err.Prob.=0.01 | B20: =POWER((2.58*B4)/0.1,2) -> 868.9141 | C20: =POWER((2.58*B5)/0.1,2) -> 861.94959 | D20: =POWER((2.58*B6)/0.1,2) -> 730.89497 | E20: =POWER((2.58*B7)/0.1,2) -> 549.15428 | F20: =POWER((2.58*B8)/0.1,2) -> 749.3884 | G20: =POWER((2.58*B9)/0.1,2) -> 775.66406

Sheet KPI_Calculation
A1: KPI Calculation This tab is only relevant if you use the KPI extension of the UEQ! This extended UEQ contains 6 additional questions, which ask for the importance of the UEQ scales for the participant. With this information a KPI can be calculated, i.e. a single number that can be interpreted as overall UX impression. The questions concerning importance are scaled from 1 to 7. In case of missing values, i.e. if a person has not given an importance rating for a scale, please enter the value "1". | I1: KPI | J1: =AVERAGE(O4:O1004) -> 1.3462128 | K1: STD | L1: =STDEV(O4:O1004) -> 0.8936371 | M1: Confidence: | N1: =CONFIDENCE(0.05,L1,Results!E3) -> 0.10968297
A2: Enter the data concerning the importance of the scales below! | I2: Calculated relative importance | Q2: Importance Ratings: Mean and Standard Deviation
A3: =VLOOKUP(Read_First!B5,Items!A1:BI50,54,FALSE) -> Attractiveness | B3: =VLOOKUP(Read_First!B5,Items!A1:BI50,55,FALSE) -> Perspicuity | C3: =VLOOKUP(Read_First!B5,Items!A1:BI50,56,FALSE) -> Efficiency | D3: =VLOOKUP(Read_First!B5,Items!A1:BI50,57,FALSE) -> Dependability | E3: =VLOOKUP(Read_First!B5,Items!A1:BI50,58,FALSE) -> Stimulation | F3: =VLOOKUP(Read_First!B5,Items!A1:BI50,59,FALSE) -> Novelty | G3: SUM | I3: =VLOOKUP(Read_First!B5,Items!A1:BI50,54,FALSE) -> Attractiveness | J3: =VLOOKUP(Read_First!B5,Items!A1:BI50,55,FALSE) -> Perspicuity | K3: =VLOOKUP(Read_First!B5,Items!A1:BI50,56,FALSE) -> Efficiency | L3: =VLOOKUP(Read_First!B5,Items!A1:BI50,57,FALSE) -> Dependability | M3: =VLOOKUP(Read_First!B5,Items!A1:BI50,58,FALSE) -> Stimulation | N3: =VLOOKUP(Read_First!B5,Items!A1:BI50,59,FALSE) -> Novelty | O3: KPI | Q3: Skala | R3: Mean | S3: Std.Dev. | T3: N | U3: Confidence | V3: Confidence Interval
A4: 5 | B4: 5 | C4: 7 | D4: 6 | E4: 6 | F4: 5 | G4: =SUM(A4:F4) -> 34 | I4: =IF(G4>0,A4/G4,"") -> 0.14705882 | J4: =IF(G4>0,B4/G4,"") -> 0.14705882 | K4: =IF(G4>0,C4/G4,"") -> 0.20588235 | L4: =IF(G4>0,D4/G4,"") -> 0.17647059 | M4: =IF(G4>0,E4/G4,"") -> 0.17647059 | N4: =IF(G4>0,F4/G4,"") -> 0.14705882 | O4: =IF(G4>0,DT!AC4*I4+DT!AD4*J4+DT!AE4*K4+DT!AF4*L4+DT!AG4*M4+DT!AH4*N4,"") -> 1.9387255 | Q4: =VLOOKUP(Read_First!B5,Items!A1:BI50,54,FALSE) -> Attractiveness | R4: =AVERAGE(A4:A1004) -> 5.6431373 | S4: =STDEV(A4:A1004) -> 1.2110474 | T4: =COUNTA(A4:A1004) -> 255 | U4: =CONFIDENCE(0.05, S4, T4) -> 0.14864118 | V4: =R4-U4 -> 5.4944961 | W4: =R4+U4 -> 5.7917784
A5: 7 | B5: 7 | C5: 7 | D5: 7 | E5: 7 | F5: 7 | G5: =SUM(A5:F5) -> 42 | I5: =IF(G5>0,A5/G5,"") -> 0.16666667 | J5: =IF(G5>0,B5/G5,"") -> 0.16666667 | K5: =IF(G5>0,C5/G5,"") -> 0.16666667 | L5: =IF(G5>0,D5/G5,"") -> 0.16666667 | M5: =IF(G5>0,E5/G5,"") -> 0.16666667 | N5: =IF(G5>0,F5/G5,"") -> 0.16666667 | O5: =IF(G5>0,DT!AC5*I5+DT!AD5*J5+DT!AE5*K5+DT!AF5*L5+DT!AG5*M5+DT!AH5*N5,"") -> 2.5 | Q5: =VLOOKUP(Read_First!B5,Items!A1:BI50,55,FALSE) -> Perspicuity | R5: =AVERAGE(B4:B1004) -> 6.1490196 | S5: =STDEV(B4:B1004) -> 1.023998 | T5: =COUNTA(B4:B1004) -> 255 | U5: =CONFIDENCE(0.05, S5, T5) -> 0.12568316 | V5: =R5-U5 -> 6.0233364 | W5: =R5+U5 -> 6.2747028
A6: 6 | B6: 5 | C6: 7 | D6: 6 | E6: 6 | F6: 5 | G6: =SUM(A6:F6) -> 35 | I6: =IF(G6>0,A6/G6,"") -> 0.17142857 | J6: =IF(G6>0,B6/G6,"") -> 0.14285714 | K6: =IF(G6>0,C6/G6,"") -> 0.2 | L6: =IF(G6>0,D6/G6,"") -> 0.17142857 | M6: =IF(G6>0,E6/G6,"") -> 0.17142857 | N6: =IF(G6>0,F6/G6,"") -> 0.14285714 | O6: =IF(G6>0,DT!AC6*I6+DT!AD6*J6+DT!AE6*K6+DT!AF6*L6+DT!AG6*M6+DT!AH6*N6,"") -> 1.7428571 | Q6: =VLOOKUP(Read_First!B5,Items!A1:BI50,56,FALSE) -> Efficiency | R6: =AVERAGE(C4:C1004) -> 6.4392157 | S6: =STDEV(C4:C1004) -> 0.79071343 | T6: =COUNTA(C4:C1004) -> 255 | U6: =CONFIDENCE(0.05, S6, T6) -> 0.097050352 | V6: =R6-U6 -> 6.3421653 | W6: =R6+U6 -> 6.536266
A7: 5 | B7: 5 | C7: 6 | D7: 6 | E7: 4 | F7: 4 | G7: =SUM(A7:F7) -> 30 | I7: =IF(G7>0,A7/G7,"") -> 0.16666667 | J7: =IF(G7>0,B7/G7,"") -> 0.16666667 | K7: =IF(G7>0,C7/G7,"") -> 0.2 | L7: =IF(G7>0,D7/G7,"") -> 0.2 | M7: =IF(G7>0,E7/G7,"") -> 0.13333333 | N7: =IF(G7>0,F7/G7,"") -> 0.13333333 | O7: =IF(G7>0,DT!AC7*I7+DT!AD7*J7+DT!AE7*K7+DT!AF7*L7+DT!AG7*M7+DT!AH7*N7,"") -> 1.7 | Q7: =VLOOKUP(Read_First!B5,Items!A1:BI50,57,FALSE) -> Dependability | R7: =AVERAGE(D4:D1004) -> 6.2235294 | S7: =STDEV(D4:D1004) -> 0.93963224 | T7: =COUNTA(D4:D1004) -> 255 | U7: =CONFIDENCE(0.05, S7, T7) -> 0.11532831 | V7: =R7-U7 -> 6.1082011 | W7: =R7+U7 -> 6.3388577
A8: 6 | B8: 6 | C8: 7 | D8: 7 | E8: 5 | F8: 5 | G8: =SUM(A8:F8) -> 36 | I8: =IF(G8>0,A8/G8,"") -> 0.16666667 | J8: =IF(G8>0,B8/G8,"") -> 0.16666667 | K8: =IF(G8>0,C8/G8,"") -> 0.19444444 | L8: =IF(G8>0,D8/G8,"") -> 0.19444444 | M8: =IF(G8>0,E8/G8,"") -> 0.13888889 | N8: =IF(G8>0,F8/G8,"") -> 0.13888889 | O8: =IF(G8>0,DT!AC8*I8+DT!AD8*J8+DT!AE8*K8+DT!AF8*L8+DT!AG8*M8+DT!AH8*N8,"") -> 1.0416667 | Q8: =VLOOKUP(Read_First!B5,Items!A1:BI50,58,FALSE) -> Stimulation | R8: =AVERAGE(E4:E1004) -> 5.0862745 | S8: =STDEV(E4:E1004) -> 1.4254464 | T8: =COUNTA(E4:E1004) -> 255 | U8: =CONFIDENCE(0.05, S8, T8) -> 0.17495602 | V8: =R8-U8 -> 4.9113185 | W8: =R8+U8 -> 5.2612305
A9: 2 | B9: 7 | C9: 7 | D9: 7 | E9: 2 | F9: 2 | G9: =SUM(A9:F9) -> 27 | I9: =IF(G9>0,A9/G9,"") -> 0.074074074 | J9: =IF(G9>0,B9/G9,"") -> 0.25925926 | K9: =IF(G9>0,C9/G9,"") -> 0.25925926 | L9: =IF(G9>0,D9/G9,"") -> 0.25925926 | M9: =IF(G9>0,E9/G9,"") -> 0.074074074 | N9: =IF(G9>0,F9/G9,"") -> 0.074074074 | O9: =IF(G9>0,DT!AC9*I9+DT!AD9*J9+DT!AE9*K9+DT!AF9*L9+DT!AG9*M9+DT!AH9*N9,"") -> 0.54938272 | Q9: =VLOOKUP(Read_First!B5,Items!A1:BI50,59,FALSE) -> Novelty | R9: =AVERAGE(F4:F1004) -> 5.3215686 | S9: =STDEV(F4:F1004) -> 1.2353573 | T9: =COUNTA(F4:F1004) -> 255 | U9: =CONFIDENCE(0.05, S9, T9) -> 0.15162493 | V9: =R9-U9 -> 5.1699437 | W9: =R9+U9 -> 5.4731936
A10: 7 | B10: 7 | C10: 7 | D10: 7 | E10: 3 | F10: 5 | G10: =SUM(A10:F10) -> 36 | I10: =IF(G10>0,A10/G10,"") -> 0.19444444 | J10: =IF(G10>0,B10/G10,"") -> 0.19444444 | K10: =IF(G10>0,C10/G10,"") -> 0.19444444 | L10: =IF(G10>0,D10/G10,"") -> 0.19444444 | M10: =IF(G10>0,E10/G10,"") -> 0.083333333 | N10: =IF(G10>0,F10/G10,"") -> 0.13888889 | O10: =IF(G10>0,DT!AC10*I10+DT!AD10*J10+DT!AE10*K10+DT!AF10*L10+DT!AG10*M10+DT!AH10*N10,"") -> 1.6666667
A11: 5 | B11: 5 | C11: 6 | D11: 7 | E11: 3 | F11: 4 | G11: =SUM(A11:F11) -> 30 | I11: =IF(G11>0,A11/G11,"") -> 0.16666667 | J11: =IF(G11>0,B11/G11,"") -> 0.16666667 | K11: =IF(G11>0,C11/G11,"") -> 0.2 | L11: =IF(G11>0,D11/G11,"") -> 0.23333333 | M11: =IF(G11>0,E11/G11,"") -> 0.1 | N11: =IF(G11>0,F11/G11,"") -> 0.13333333 | O11: =IF(G11>0,DT!AC11*I11+DT!AD11*J11+DT!AE11*K11+DT!AF11*L11+DT!AG11*M11+DT!AH11*N11,"") -> 1.3666667
A12: 7 | B12: 6 | C12: 6 | D12: 7 | E12: 5 | F12: 6 | G12: =SUM(A12:F12) -> 37 | I12: =IF(G12>0,A12/G12,"") -> 0.18918919 | J12: =IF(G12>0,B12/G12,"") -> 0.16216216 | K12: =IF(G12>0,C12/G12,"") -> 0.16216216 | L12: =IF(G12>0,D12/G12,"") -> 0.18918919 | M12: =IF(G12>0,E12/G12,"") -> 0.13513514 | N12: =IF(G12>0,F12/G12,"") -> 0.16216216 | O12: =IF(G12>0,DT!AC12*I12+DT!AD12*J12+DT!AE12*K12+DT!AF12*L12+DT!AG12*M12+DT!AH12*N12,"") -> 2.1013514
A13: 7 | B13: 6 | C13: 7 | D13: 7 | E13: 6 | F13: 6 | G13: =SUM(A13:F13) -> 39 | I13: =IF(G13>0,A13/G13,"") -> 0.17948718 | J13: =IF(G13>0,B13/G13,"") -> 0.15384615 | K13: =IF(G13>0,C13/G13,"") -> 0.17948718 | L13: =IF(G13>0,D13/G13,"") -> 0.17948718 | M13: =IF(G13>0,E13/G13,"") -> 0.15384615 | N13: =IF(G13>0,F13/G13,"") -> 0.15384615 | O13: =IF(G13>0,DT!AC13*I13+DT!AD13*J13+DT!AE13*K13+DT!AF13*L13+DT!AG13*M13+DT!AH13*N13,"") -> 1.1111111
A14: 7 | B14: 7 | C14: 7 | D14: 6 | E14: 5 | F14: 7 | G14: =SUM(A14:F14) -> 39 | I14: =IF(G14>0,A14/G14,"") -> 0.17948718 | J14: =IF(G14>0,B14/G14,"") -> 0.17948718 | K14: =IF(G14>0,C14/G14,"") -> 0.17948718 | L14: =IF(G14>0,D14/G14,"") -> 0.15384615 | M14: =IF(G14>0,E14/G14,"") -> 0.12820513 | N14: =IF(G14>0,F14/G14,"") -> 0.17948718 | O14: =IF(G14>0,DT!AC14*I14+DT!AD14*J14+DT!AE14*K14+DT!AF14*L14+DT!AG14*M14+DT!AH14*N14,"") -> 0.70726496
A15: 5 | B15: 5 | C15: 5 | D15: 5 | E15: 5 | F15: 5 | G15: =SUM(A15:F15) -> 30 | I15: =IF(G15>0,A15/G15,"") -> 0.16666667 | J15: =IF(G15>0,B15/G15,"") -> 0.16666667 | K15: =IF(G15>0,C15/G15,"") -> 0.16666667 | L15: =IF(G15>0,D15/G15,"") -> 0.16666667 | M15: =IF(G15>0,E15/G15,"") -> 0.16666667 | N15: =IF(G15>0,F15/G15,"") -> 0.16666667 | O15: =IF(G15>0,DT!AC15*I15+DT!AD15*J15+DT!AE15*K15+DT!AF15*L15+DT!AG15*M15+DT!AH15*N15,"") -> 0.94444444
A16: 5 | B16: 6 | C16: 5 | D16: 5 | E16: 5 | F16: 5 | G16: =SUM(A16:F16) -> 31 | I16: =IF(G16>0,A16/G16,"") -> 0.16129032 | J16: =IF(G16>0,B16/G16,"") -> 0.19354839 | K16: =IF(G16>0,C16/G16,"") -> 0.16129032 | L16: =IF(G16>0,D16/G16,"") -> 0.16129032 | M16: =IF(G16>0,E16/G16,"") -> 0.16129032 | N16: =IF(G16>0,F16/G16,"") -> 0.16129032 | O16: =IF(G16>0,DT!AC16*I16+DT!AD16*J16+DT!AE16*K16+DT!AF16*L16+DT!AG16*M16+DT!AH16*N16,"") -> 1.1424731
A17: 7 | B17: 7 | C17: 7 | D17: 7 | E17: 6 | F17: 6 | G17: =SUM(A17:F17) -> 40 | I17: =IF(G17>0,A17/G17,"") -> 0.175 | J17: =IF(G17>0,B17/G17,"") -> 0.175 | K17: =IF(G17>0,C17/G17,"") -> 0.175 | L17: =IF(G17>0,D17/G17,"") -> 0.175 | M17: =IF(G17>0,E17/G17,"") -> 0.15 | N17: =IF(G17>0,F17/G17,"") -> 0.15 | O17: =IF(G17>0,DT!AC17*I17+DT!AD17*J17+DT!AE17*K17+DT!AF17*L17+DT!AG17*M17+DT!AH17*N17,"") -> 1.7
A18: 7 | B18: 7 | C18: 7 | D18: 7 | E18: 1 | F18: 4 | G18: =SUM(A18:F18) -> 33 | I18: =IF(G18>0,A18/G18,"") -> 0.21212121 | J18: =IF(G18>0,B18/G18,"") -> 0.21212121 | K18: =IF(G18>0,C18/G18,"") -> 0.21212121 | L18: =IF(G18>0,D18/G18,"") -> 0.21212121 | M18: =IF(G18>0,E18/G18,"") -> 0.03030303 | N18: =IF(G18>0,F18/G18,"") -> 0.12121212 | O18: =IF(G18>0,DT!AC18*I18+DT!AD18*J18+DT!AE18*K18+DT!AF18*L18+DT!AG18*M18+DT!AH18*N18,"") -> 2.4848485
A19: 6 | B19: 7 | C19: 7 | D19: 7 | E19: 7 | F19: 6 | G19: =SUM(A19:F19) -> 40 | I19: =IF(G19>0,A19/G19,"") -> 0.15 | J19: =IF(G19>0,B19/G19,"") -> 0.175 | K19: =IF(G19>0,C19/G19,"") -> 0.175 | L19: =IF(G19>0,D19/G19,"") -> 0.175 | M19: =IF(G19>0,E19/G19,"") -> 0.175 | N19: =IF(G19>0,F19/G19,"") -> 0.15 | O19: =IF(G19>0,DT!AC19*I19+DT!AD19*J19+DT!AE19*K19+DT!AF19*L19+DT!AG19*M19+DT!AH19*N19,"") -> 2.41875
A20: 2 | B20: 6 | C20: 6 | D20: 7 | E20: 4 | F20: 5 | G20: =SUM(A20:F20) -> 30 | I20: =IF(G20>0,A20/G20,"") -> 0.066666667 | J20: =IF(G20>0,B20/G20,"") -> 0.2 | K20: =IF(G20>0,C20/G20,"") -> 0.2 | L20: =IF(G20>0,D20/G20,"") -> 0.23333333 | M20: =IF(G20>0,E20/G20,"") -> 0.13333333 | N20: =IF(G20>0,F20/G20,"") -> 0.16666667 | O20: =IF(G20>0,DT!AC20*I20+DT!AD20*J20+DT!AE20*K20+DT!AF20*L20+DT!AG20*M20+DT!AH20*N20,"") -> 0.52777778
A21: 7 | B21: 6 | C21: 6 | D21: 5 | E21: 6 | F21: 4 | G21: =SUM(A21:F21) -> 34 | I21: =IF(G21>0,A21/G21,"") -> 0.20588235 | J21: =IF(G21>0,B21/G21,"") -> 0.17647059 | K21: =IF(G21>0,C21/G21,"") -> 0.17647059 | L21: =IF(G21>0,D21/G21,"") -> 0.14705882 | M21: =IF(G21>0,E21/G21,"") -> 0.17647059 | N21: =IF(G21>0,F21/G21,"") -> 0.11764706 | O21: =IF(G21>0,DT!AC21*I21+DT!AD21*J21+DT!AE21*K21+DT!AF21*L21+DT!AG21*M21+DT!AH21*N21,"") -> 1.4068627
... A258: 7 | B258: 7 | C258: 7 | D258: 7 | E258: 7 | F258: 6 | G258: =SUM(A258:F258) -> 41 | I258: =IF(G258>0,A258/G258,"") -> 0.17073171 | J258: =IF(G258>0,B258/G258,"") -> 0.17073171 | K258: =IF(G258>0,C258/G258,"") -> 0.17073171 | L258: =IF(G258>0,D258/G258,"") -> 0.17073171 | M258: =IF(G258>0,E258/G258,"") -> 0.17073171 | N258: =IF(G258>0,F258/G258,"") -> 0.14634146 | O258: =IF(G258>0,DT!AC258*I258+DT!AD258*J258+DT!AE258*K258+DT!AF258*L258+DT!AG258*M258+DT!AH258*N258,"") -> 1.3434959
G259: =SUM(A259:F259) -> 0 | I259: =IF(G259>0,A259/G259,"") | J259: =IF(G259>0,B259/G259,"") | K259: =IF(G259>0,C259/G259,"") | L259: =IF(G259>0,D259/G259,"") | M259: =IF(G259>0,E259/G259,"") | N259: =IF(G259>0,F259/G259,"") | O259: =IF(G259>0,DT!AC259*I259+DT!AD259*J259+DT!AE259*K259+DT!AF259*L259+DT!AG259*M259+DT!AH259*N259,"")
G260: =SUM(A260:F260) -> 0 | I260: =IF(G260>0,A260/G260,"") | J260: =IF(G260>0,B260/G260,"") | K260: =IF(G260>0,C260/G260,"") | L260: =IF(G260>0,D260/G260,"") | M260: =IF(G260>0,E260/G260,"") | N260: =IF(G260>0,F260/G260,"") | O260: =IF(G260>0,DT!AC260*I260+DT!AD260*J260+DT!AE260*K260+DT!AF260*L260+DT!AG260*M260+DT!AH260*N260,"")
G261: =SUM(A261:F261) -> 0 | I261: =IF(G261>0,A261/G261,"") | J261: =IF(G261>0,B261/G261,"") | K261: =IF(G261>0,C261/G261,"") | L261: =IF(G261>0,D261/G261,"") | M261: =IF(G261>0,E261/G261,"") | N261: =IF(G261>0,F261/G261,"") | O261: =IF(G261>0,DT!AC261*I261+DT!AD261*J261+DT!AE261*K261+DT!AF261*L261+DT!AG261*M261+DT!AH261*N261,"")
G262: =SUM(A262:F262) -> 0 | I262: =IF(G262>0,A262/G262,"") | J262: =IF(G262>0,B262/G262,"") | K262: =IF(G262>0,C262/G262,"") | L262: =IF(G262>0,D262/G262,"") | M262: =IF(G262>0,E262/G262,"") | N262: =IF(G262>0,F262/G262,"") | O262: =IF(G262>0,DT!AC262*I262+DT!AD262*J262+DT!AE262*K262+DT!AF262*L262+DT!AG262*M262+DT!AH262*N262,"")
G263: =SUM(A263:F263) -> 0 | I263: =IF(G263>0,A263/G263,"") | J263: =IF(G263>0,B263/G263,"") | K263: =IF(G263>0,C263/G263,"") | L263: =IF(G263>0,D263/G263,"") | M263: =IF(G263>0,E263/G263,"") | N263: =IF(G263>0,F263/G263,"") | O263: =IF(G263>0,DT!AC263*I263+DT!AD263*J263+DT!AE263*K263+DT!AF263*L263+DT!AG263*M263+DT!AH263*N263,"")
G264: =SUM(A264:F264) -> 0 | I264: =IF(G264>0,A264/G264,"") | J264: =IF(G264>0,B264/G264,"") | K264: =IF(G264>0,C264/G264,"") | L264: =IF(G264>0,D264/G264,"") | M264: =IF(G264>0,E264/G264,"") | N264: =IF(G264>0,F264/G264,"") | O264: =IF(G264>0,DT!AC264*I264+DT!AD264*J264+DT!AE264*K264+DT!AF264*L264+DT!AG264*M264+DT!AH264*N264,"")
G265: =SUM(A265:F265) -> 0 | I265: =IF(G265>0,A265/G265,"") | J265: =IF(G265>0,B265/G265,"") | K265: =IF(G265>0,C265/G265,"") | L265: =IF(G265>0,D265/G265,"") | M265: =IF(G265>0,E265/G265,"") | N265: =IF(G265>0,F265/G265,"") | O265: =IF(G265>0,DT!AC265*I265+DT!AD265*J265+DT!AE265*K265+DT!AF265*L265+DT!AG265*M265+DT!AH265*N265,"")
G266: =SUM(A266:F266) -> 0 | I266: =IF(G266>0,A266/G266,"") | J266: =IF(G266>0,B266/G266,"") | K266: =IF(G266>0,C266/G266,"") | L266: =IF(G266>0,D266/G266,"") | M266: =IF(G266>0,E266/G266,"") | N266: =IF(G266>0,F266/G266,"") | O266: =IF(G266>0,DT!AC266*I266+DT!AD266*J266+DT!AE266*K266+DT!AF266*L266+DT!AG266*M266+DT!AH266*N266,"")
G267: =SUM(A267:F267) -> 0 | I267: =IF(G267>0,A267/G267,"") | J267: =IF(G267>0,B267/G267,"") | K267: =IF(G267>0,C267/G267,"") | L267: =IF(G267>0,D267/G267,"") | M267: =IF(G267>0,E267/G267,"") | N267: =IF(G267>0,F267/G267,"") | O267: =IF(G267>0,DT!AC267*I267+DT!AD267*J267+DT!AE267*K267+DT!AF267*L267+DT!AG267*M267+DT!AH267*N267,"")
G268: =SUM(A268:F268) -> 0 | I268: =IF(G268>0,A268/G268,"") | J268: =IF(G268>0,B268/G268,"") | K268: =IF(G268>0,C268/G268,"") | L268: =IF(G268>0,D268/G268,"") | M268: =IF(G268>0,E268/G268,"") | N268: =IF(G268>0,F268/G268,"") | O268: =IF(G268>0,DT!AC268*I268+DT!AD268*J268+DT!AE268*K268+DT!AF268*L268+DT!AG268*M268+DT!AH268*N268,"")
G269: =SUM(A269:F269) -> 0 | I269: =IF(G269>0,A269/G269,"") | J269: =IF(G269>0,B269/G269,"") | K269: =IF(G269>0,C269/G269,"") | L269: =IF(G269>0,D269/G269,"") | M269: =IF(G269>0,E269/G269,"") | N269: =IF(G269>0,F269/G269,"") | O269: =IF(G269>0,DT!AC269*I269+DT!AD269*J269+DT!AE269*K269+DT!AF269*L269+DT!AG269*M269+DT!AH269*N269,"")
G270: =SUM(A270:F270) -> 0 | I270: =IF(G270>0,A270/G270,"") | J270: =IF(G270>0,B270/G270,"") | K270: =IF(G270>0,C270/G270,"") | L270: =IF(G270>0,D270/G270,"") | M270: =IF(G270>0,E270/G270,"") | N270: =IF(G270>0,F270/G270,"") | O270: =IF(G270>0,DT!AC270*I270+DT!AD270*J270+DT!AE270*K270+DT!AF270*L270+DT!AG270*M270+DT!AH270*N270,"")
... G1004: =SUM(A1004:F1004) -> 0 | I1004: =IF(G1004>0,A1004/G1004,"") | J1004: =IF(G1004>0,B1004/G1004,"") | K1004: =IF(G1004>0,C1004/G1004,"") | L1004: =IF(G1004>0,D1004/G1004,"") | M1004: =IF(G1004>0,E1004/G1004,"") | N1004: =IF(G1004>0,F1004/G1004,"") | O1004: =IF(G1004>0,DT!AC1004*I1004+DT!AD1004*J1004+DT!AE1004*K1004+DT!AF1004*L1004+DT!AG1004*M1004+DT!AH1004*N1004,"")

Sheet Items
A1: Language | B1: L1 | C1: R1 | D1: L2 | E1: R2 | F1: L3 | G1: R3 | H1: L4 | I1: R4 | J1: L5 | K1: R5 | L1: L6 | M1: R6 | N1: L7 | O1: R7 | P1: L8 | Q1: R8 | R1: L9 | S1: R9 | T1: L10 | U1: R10 | V1: L11 | W1: R11 | X1: L12 | Y1: R12 | Z1: L13 | AA1: R13 | AB1: L14 | AC1: R14 | AD1: L15 | AE1: R15 | AF1: L16 | AG1: R16 | AH1: L17 | AI1: R17 | AJ1: L18 | AK1: R18 | AL1: L19 | AM1: R19 | AN1: L20 | AO1: R20 | AP1: L21 | AQ1: R21 | AR1: L22 | AS1: R22 | AT1: L23 | AU1: R23 | AV1: L24 | AW1: R24 | AX1: L25 | AY1: R25 | AZ1: L26 | BA1: R26 | BB1: Attractiveness | BC1: Perspicuity | BD1: Efficiency | BE1: Dependability | BF1: Stimulation | BG1: Novelty | BH1: Pragmatic Quality | BI1: Hedonic Quality
A2: German | B2: unerfreulich | C2: erfreulich | D2: unverständlich | E2: verständlich | F2: kreativ | G2: phantasielos | H2: leicht zu lernen | I2: schwer zu lernen | J2: wertvoll | K2: minderwertig | L2: langweilig | M2: spannend | N2: uninteressant | O2: interessant | P2: unberechenbar | Q2: voraussagbar | R2: schnell | S2: langsam | T2: originell | U2: konventionell | V2: behindernd | W2: unterstützend | X2: gut | Y2: schlecht | Z2: kompliziert | AA2: einfach | AB2: abstoßend | AC2: anziehend | AD2: herkömmlich | AE2: neuartig | AF2: unangenehm | AG2: angenehm | AH2: sicher | AI2: unsicher | AJ2: aktivierend | AK2: einschläfernd | AL2: erwartungskonform | AM2: nicht erwartungskonform | AN2: ineffizient | AO2: effizient | AP2: übersichtlich | AQ2: verwirrend | AR2: unpragmatisch | AS2: pragmatisch | AT2: aufgeräumt | AU2: überladen | AV2: attraktiv | AW2: unattraktiv | AX2: sympathisch | AY2: unsympathisch | AZ2: konservativ | BA2: innovativ | BB2: Attraktivität | BC2: Durchschaubarkeit | BD2: Effizienz | BE2: Steuerbarkeit | BF2: Stimulation | BG2: Originalität | BH2: Pragmatische Qualität | BI2: Hedonische Qualität
A3: English | B3: annoying | C3: enjoyable | D3: not understandable | E3: understandable | F3: creative | G3: dull | H3: easy to learn | I3: difficult to learn | J3: valuable | K3: inferior | L3: boring | M3: exciting | N3: not interesting | O3: interesting | P3: unpredictable | Q3: predictable | R3: fast | S3: slow | T3: inventive | U3: conventional | V3: obstructive | W3: supportive | X3: good | Y3: bad | Z3: complicated | AA3: easy | AB3: unlikable | AC3: pleasing | AD3: usual | AE3: leading edge | AF3: unpleasant | AG3: pleasant | AH3: secure | AI3: not secure | AJ3: motivating | AK3: demotivating | AL3: meets expectations | AM3: does not meet expectations | AN3: inefficient | AO3: efficient | AP3: clear | AQ3: confusing | AR3: impractical | AS3: practical | AT3: organized | AU3: cluttered | AV3: attractive | AW3: unattractive | AX3: friendly | AY3: unfriendly | AZ3: conservative | BA3: innovative | BB3: Attractiveness | BC3: Perspicuity | BD3: Efficiency | BE3: Dependability | BF3: Stimulation | BG3: Novelty | BH3: Pragmatic Quality | BI3: Hedonic Quality
A4: Spanish | B4: desagradable | C4: agradable | D4: no entendible | E4: entendible | F4: creativo | G4: sin imaginacion | H4: facil de aprender | I4: dificil de aprender | J4: valioso | K4: de poco valor | L4: aburrido | M4: emocionante | N4: no interesante | O4: interesante | P4: impredecible | Q4: predecible | R4: rapido | S4: lento | T4: original | U4: convencional | V4: obstructivo | W4: impulsor de apoyo | X4: bueno | Y4: malo | Z4: complicado | AA4: facil | AB4: repeler | AC4: atraer | AD4: convencional | AE4: novedoso | AF4: incomodo | AG4: comodo | AH4: seguro | AI4: inseguro | AJ4: activante | AK4: adormecedor | AL4: cubre expectativas | AM4: no cubre expectativas | AN4: ineficiente | AO4: eficiente | AP4: claro | AQ4: confuso | AR4: no pragmatico | AS4: pragmatico | AT4: ordenado | AU4: sobrecargado | AV4: atractivo | AW4: feo | AX4: simpatico | AY4: antipatico | AZ4: conservador | BA4: innovador | BB4: Atracción | BC4: Transparencia | BD4: Eficiencia | BE4: Controlabilidad | BF4: Estimulación | BG4: Novedad | BH4: Calidad Pragmática | BI4: Calidad Hedónico
A5: Portuguese | B5: Desagradável | C5: Agradável | D5: Incompreensível | E5: Compreensível | F5: Criativo | G5: Sem criatividade | H5: De Fácil aprendizagem | I5: De difícil aprendizagem | J5: Valioso | K5: Sem valor | L5: Aborrecido | M5: Excitante | N5: Desinteressante | O5: Interessante | P5: Imprevisível | Q5: Previsível | R5: Rápido | S5: Lento | T5: Original | U5: Convencional | V5: Obstrutivo | W5: Condutor | X5: Bom | Y5: Mau | Z5: Complicado | AA5: Fácil | AB5: Desinteressante | AC5: Atrativo | AD5: Comum | AE5: Vanguardista | AF5: Incómodo | AG5: Cómodo | AH5: Seguro | AI5: Inseguro | AJ5: Motivante | AK5: Desmotivante | AL5: Atende as expectativas | AM5: Não atende as expectativas | AN5: Ineficiente | AO5: Eficiente | AP5: Evidente | AQ5: Confuso | AR5: Impraticável | AS5: Prático | AT5: Organizado | AU5: Desorganizado | AV5: Atraente | AW5: Feio | AX5: Simpático | AY5: Antipático | AZ5: Conservador | BA5: Inovador | BB5: Atractividade | BC5: Transparência | BD5: Eficiência | BE5: Controlo | BF5: Estimulação | BG5: Inovação | BH5: Qualidade Pragmática | BI5: Qualidade Hedônica
A6: Turkish | B6: can sıkıcı | C6: sevindirici | D6: anlaşılmaz | E6: anlaşılır | F6: yaratıcı | G6: yaratıcı olmayan | H6: kolay öğrenilir | I6: öğrenmesi zor | J6: değerli | K6: adi | L6: sıkıcı | M6: heyecan verici | N6: ilginç olmayan | O6: ilginç | P6: tahmin edilemeyen | Q6: tahmin edilebilir | R6: hızlı | S6: yavaş | T6: özgün | U6: geleneksel | V6: engelleyici | W6: destekleyici | X6: iyi | Y6: kötü | Z6: karmaşık | AA6: sade | AB6: itici | AC6: çekici | AD6: alışıldık | AE6: eşi görülmedik | AF6: keyifsiz | AG6: keyifli | AH6: güvenli | AI6: güvensiz | AJ6: canlandırıcı | AK6: uyutucu | AL6: beklentilere uygun | AM6: beklentileri karşılayamayan | AN6: verimsiz | AO6: verimli | AP6: açık | AQ6: kafa karıştırıcı | AR6: yararsız | AS6: yararlı | AT6: derli toplu | AU6: dağınık | AV6: cazibeli | AW6: cazibesiz | AX6: sempatik | AY6: sempatik olmayan | AZ6: tutucu | BA6: yenilikçi | BB6: Çekicilik | BC6: Anlaşılırlık | BD6: Verimlilik | BE6: Güvenilirlik | BF6: Canlılık | BG6: Yenilikçilik | BH6: Pragmatik Kalite | BI6: Hedonik Kalite
A7: French | B7: Agaçant | C7: Agréable | D7: Incompréhensible | E7: Compréhensible | F7: Moderne | G7: Sans fantaisie | H7: Appropriation simple | I7: Appropriation compliquée | J7: Apporte de la valeur | K7: Peu de valeur ajoutée | L7: Ennuyeux | M7: Captivant | N7: Inintéressant | O7: Intéressant | P7: Imprévisible | Q7: Prévisible | R7: Rapide | S7: Lent | T7: Original | U7: Conventionnel | V7: Rigide | W7: Facilitant | X7: Bien | Y7: Médiocre | Z7: Compliqué | AA7: Simple | AB7: Repoussant | AC7: Attractif | AD7: Habituel | AE7: Avant-gardiste | AF7: Désagréable | AG7: Agréable | AH7: Sécurisant | AI7: Insécurisant | AJ7: Stimulant | AK7: Soporifique | AL7: Répond aux attentes | AM7: Ne répond pas aux attentes | AN7: Inefficace | AO7: Efficace | AP7: Clair | AQ7: Déroutant | AR7: Non pragmatique | AS7: Pragmatique | AT7: Sobre | AU7: Surchargé | AV7: Attrayant | AW7: Rébarbatif | AX7: Sympathique | AY7: Inamical | AZ7: Conservateur | BA7: Innovant | BB7: Attraction | BC7: Compréhensibilité | BD7: Efficacité | BE7: Contrôlabilité | BF7: Stimulation | BG7: Originalité | BH7: Qualité Pragmatique | BI7: Qualité Hédonique
A8: Italian | B8: incresioso | C8: gradito | D8: incomprensibile | E8: comprensibile | F8: creativo | G8: privo di fantasia | H8: facile da capire | I8: difficile da capire | J8: di grande valore | K8: di poco valore | L8: noioso | M8: appassionante | N8: non interessante | O8: interessante | P8: imprevedibile | Q8: prevedibile | R8: veloce | S8: lento | T8: originale | U8: convenzionale | V8: ostruttiva | W8: di supporto | X8: bene | Y8: male | Z8: complicato | AA8: facile | AB8: repellente | AC8: attraente | AD8: usuale | AE8: moderno | AF8: sgradevole | AG8: piacevole | AH8: sicuro | AI8: insicuro | AJ8: attivante | AK8: soporifero | AL8: aspettativo | AM8: non aspettativo | AN8: inefficiente | AO8: efficiente | AP8: chiaro | AQ8: confuso | AR8: non pragmatico | AS8: pragmatico | AT8: ordinato | AU8: sovraccarico | AV8: attrattivo | AW8: non attrattivo | AX8: simpatico | AY8: antipatico | AZ8: conservativo | BA8: innovativo | BB8: Attrattività | BC8: Apprendibilità | BD8: Efficienca | BE8: Controllabilità | BF8: Stimolazione | BG8: Originalità | BH8: Qualità Pragmatico | BI8: Qualità eEonica
A9: Russian | B9: неприятный | C9: доставляет удовольствие | D9: непонятный | E9: понятный | F9: креативный | G9: неизобретательный | H9: легко освоить | I9: трудно освоить | J9: создает новые ценности | K9: посредственный | L9: скучный | M9: захватывающий | N9: неинтересный | O9: интересный | P9: непредсказуемый | Q9: прогнозируемый | R9: быстрый | S9: медленный | T9: изобретательный | U9: консервативный | V9: мешающий | W9: помогающий | X9: хороший | Y9: плохой | Z9: сложный | AA9: простой | AB9: отталкивающий | AC9: заманчивый | AD9: обыденный | AE9: передовой | AF9: неприятный | AG9: приятный | AH9: надежный | AI9: ненадежный | AJ9: увлекательный | AK9: однообразный | AL9: соответствует ожиданиям | AM9: не соответствует ожиданиям | AN9: неэффективный | AO9: эффективный | AP9: наглядный | AQ9: запутанный | AR9: непрактичный | AS9: практичный | AT9: организованный | AU9: перегруженный | AV9: красивый | AW9: отвратительный | AX9: доброжелательный | AY9: недоброжелательный | AZ9: непримечательный | BA9: инновационный | BB9: привлекательность | BC9: ясность | BD9: эффективность | BE9: надежность | BF9: стимуляция | BG9: новинка | BH9: Прагматические качество | BI9: гедонистическоe качествo
A10: Chinese | B10: 令人不快的 | C10: 令人愉快的 | D10: 费解的 | E10: 易懂的 | F10: 富创造力的 | G10: 平淡无奇的 | H10: 容易学会的 | I10: 难学会的 | J10: 高品质的 | K10: 低劣的 | L10: 乏味的 | M10: 带劲的 | N10: 无趣的 | O10: 有趣的 | P10: 无法预测的 | Q10: 可预见的 | R10: 快的 | S10: 慢的 | T10: 独创的 | U10: 常规的 | V10: 碍手碍脚的 | W10: 能提供辅助的 | X10: 好的 | Y10: 差的 | Z10: 复杂的 | AA10: 简单的 | AB10: 讨厌的 | AC10: 迷人的 | AD10: 传统的 | AE10: 新颖的 | AF10: 令人难受的 | AG10: 适意的 | AH10: 稳当的 | AI10: 靠不住的 | AJ10: 令人兴奋的 | AK10: 令人昏昏欲睡的 | AL10: 符合预期的 | AM10: 不合期望的 | AN10: 低效的 | AO10: 高效的 | AP10: 一目了然的 | AQ10: 令人眼花缭乱的 | AR10: 不实用的 | AS10: 实用的 | AT10: 井然有序的 | AU10: 杂乱无章的 | AV10: 吸引人的 | AW10: 无吸引力的 | AX10: 引起好感的 | AY10: 令人反感的 | AZ10: 保守的 | BA10: 创新的 | BB10: 吸引力 | BC10: 明晰 | BD10: 效率 | BE10: 可靠性 | BF10: 促進 | BG10: 新奇 | BH10: 务实的品质 | BI10: 享乐质量
A11: Japanese | B11: 楽しくない | C11: 楽しい | D11: わかりにくい | E11: わかりやすい | F11: 創造的 | G11: 創造的でない | H11: 覚えやすい | I11: 覚えにくい | J11: 価値がある | K11: 価値がない | L11: 退屈だ | M11: エキサイティングだ | N11: おもしろくない | O11: おもしろい | P11: 予想がつかない | Q11: 予想がつきやすい | R11: 速い | S11: 遅い | T11: 独特だ | U11: 従来どおり | V11: 妨げになる | W11: 助けられる | X11: 良い | Y11: 悪い | Z11: 複雑 | AA11: 簡単 | AB11: 嫌いだ | AC11: 好きだ | AD11: 普通 | AE11: 斬新的 | AF11: 嬉しくない | AG11: 嬉しい | AH11: 安全だ | AI11: 安全でない | AJ11: モチベーションを高める | AK11: モチベーションを下げる | AL11: 期待に合う | AM11: 期待に合わない | AN11: 効率が悪い | AO11: 効率が良い | AP11: すっきりしている | AQ11: ごちゃごちゃしている | AR11: 実用的でない | AS11: 実用的だ | AT11: 整理されている | AU11: 整理されていない | AV11: 魅力がある | AW11: 魅力がない | AX11: 感じがいい | AY11: 感じが悪い | AZ11: 保守的 | BA11: 革新的 | BB11: 見栄え | BC11: 明快さ | BD11: 効率 | BE11: 信頼性 | BF11: 刺激 | BG11: ノベルティ | BH11: 実用的な品質 | BI11: ヘドニック品質
A12: Indonesian | B12: menyusahkan | C12: menyenangkan | D12: tak dapat dipahami | E12: dapat dipahami | F12: kreatif | G12: monoton | H12: mudah dipelajari | I12: sulit dipelajari | J12: bermanfaat | K12: kurang bermanfaat | L12: membosankan | M12: mengasyikkan | N12: tidak menarik | O12: menarik | P12: tak dapat diprediksi | Q12: dapat diprediksi | R12: cepat | S12: lambat | T12: berdaya cipta | U12: konvensional | V12: menghalangi | W12: mendukung | X12: baik | Y12: buruk | Z12: rumit | AA12: sederhana | AB12: tidak disukai | AC12: menggembirakan | AD12: lazim | AE12: terdepan | AF12: tidak nyaman | AG12: nyaman | AH12: aman | AI12: tidak aman | AJ12: memotivasi | AK12: tidak memotivasi | AL12: memenuhi ekspektasi | AM12: tidak memenuhi ekspektasi | AN12: tidak efisien | AO12: efisien | AP12: jelas | AQ12: membingungkan | AR12: tidak praktis | AS12: praktis | AT12: terorganisasi | AU12: berantakan | AV12: atraktif | AW12: tidak atraktif | AX12: ramah pengguna | AY12: tidak ramah pengguna | AZ12: konservatif | BA12: inovatif | BB12: Daya tarik | BC12: Kejelasan | BD12: Efisiensi | BE12: Ketepatan | BF12: Stimulasi | BG12: Kebaruan | BH12: Kualitas Pragmatis | BI12: Kualitas Hedonis
... A38: Korean | B38: 짜증나게 함 | C38: 유쾌함 | D38: 이해할 수 없음 | E38: 이해할 수 있음 | F38: 참신함 | G38: 참신하지 않음 | H38: 사용이 편리함 | I38: 사용이 복잡함 | J38: 유익함 | K38: 유익하지 않음 | L38: 지루함 | M38: 흥미로움 | N38: 재미없음 | O38: 재미있음 | P38: 예측 불가능 | Q38: 예측 가능 | R38: 빠름 | S38: 느림 | T38: 독창적 | U38: 상투적 | V38: 어려움 | W38: 쉬움 | X38: 좋음 | Y38: 나쁨 | Z38: 복잡함 | AA38: 간단함 | AB38: 불쾌함 | AC38: 매력적 | AD38: 통상적 | AE38: 모더니즘적 | AF38: 즐겁지 않음 | AG38: 즐거움 | AH38: 안전함 | AI38: 안전하지 않음 | AJ38: 자극적 | AK38: 따분함 | AL38: 기대에 부응함 | AM38: 기대에 부응하지 않음 | AN38: 비효율적 | AO38: 효율적 | AP38: 명백함 | AQ38: 명백하지 않음 | AR38: 실용적이지 않음 | AS38: 실용적 | AT38: 간결함 | AU38: 실용적 혼란스러움 | AV38: 매혹적 | AW38: 난해함 | AX38: 친근함 | AY38: 적대적 | AZ38: 보수적 | BA38: 혁신적 | BB38: 매력적 | BC38: 직관적 | BD38: 효과적 | BE38: 신뢰성 | BF38: 자극적 | BG38: 참신함 | BH38: 실용적 | BI38: 쾌락적
